Comment[mztab:summary:sml_id]	database_identifier	chemical_formula	smiles	inchi	metabolite_identification	mass_to_charge	fragmentation	modifications	charge	retention_time	taxid	species	database	database_version	reliability	uri	search_engine	search_engine_score	smallmolecule_abundance_sub	smallmolecule_abundance_stdev_sub	smallmolecule_abundance_std_error_sub	Cont13_1	Cont14_1	Cont16_1	MeKO_01_01_1	MeKO_01_02_1	MeKO_01_03_1
										79.0			MSP	MSP								3039.111	2944.111	4589.333	4354.0	4521.222	7909.0
1										219.0			MSP	MSP								3529.222	3671.222	3765.778	80.22222	79.77778	99.0
2										103.0			MSP	MSP								4232.333	4626.889	4731.778	6268.0	6325.333	5826.444
3										91.0			MSP	MSP								4926.556	749.8889	5107.222	677.2222	4219.778	378.1111
4										82.0			MSP	MSP								2291.111	2210.667	2448.667	1172.111	617.2222	1145.111
5										104.0			MSP	MSP								13355.0	10015.33	13619.11	10949.67	7388.667	15806.44
6										117.0			MSP	MSP								5210.556	6857.0	5869.444	5597.444	5789.0	6936.778
7										75.0			MSP	MSP								8030.222	7174.222	12967.44	5429.0	6308.556	5192.444
8										129.0			MSP	MSP								1229.222	1446.0	186.1111	223.3333	222.8889	1736.333
9										70.0			MSP	MSP								2629.889	782.4445	2388.222	976.1111	642.6667	829.6667
10										207.0			MSP	MSP								9052.223	9172.0	10113.67	131.6667	1606.222	170.5556
11										73.0			MSP	MSP								32640.55	22485.45	38465.78	5028.556	4410.889	4930.778
12										99.0			MSP	MSP								850.4445	685.6667	1672.778	552.2222	823.5555	478.6667
13										75.0			MSP	MSP								18948.55	16047.78	20888.33	26352.33	26065.78	28339.78
14										152.0			MSP	MSP								27030.11	30990.33	30271.0	28078.45	23468.0	31958.67
15										153.0			MSP	MSP								3551.111	4113.444	3838.333	3627.0	171.7778	218.1111
16										79.0			MSP	MSP								3450.889	1328.444	1755.667	10536.67	9356.667	5128.778
17										73.0			MSP	MSP								18629.11	18117.67	21927.33	79357.66	77424.45	70463.0
18										123.0			MSP	MSP								11554.89	10962.0	12337.11	129507.3	126921.8	129510.3
19										77.0			MSP	MSP								2262.889	1857.222	3094.667	913.0	2374.667	2558.556
20										93.0			MSP	MSP								11335.0	10780.78	12430.44	123224.2	120935.8	113685.9
21										207.0			MSP	MSP								137.6667	115.3333	3639.0	129.6667	159.5556	108.2222
22										79.0			MSP	MSP								1765.444	2764.778	1804.778	10224.11	9032.223	2384.889
23	MSP: Glycolic acid; GC-EI-TOF; MS; 2 TMS; BP	C2H4O3	OCC(O)=O		Glycolic acid; GC-EI-TOF; MS; 2 TMS; BP	76.016043988				73.0			MSP	MSP	82.9							150717.3	118989.2	154902.1	85838.22	69727.0	73849.89
24										189.0			MSP	MSP								4159.889	3452.222	4442.778	241.3333	230.0	324.5555
25										146.0			MSP	MSP								1815.667	525.0	2399.889	5678.556	1346.778	5714.889
26										187.0			MSP	MSP								200.7778	177.8889	2098.778	2307.111	2326.889	3110.556
27	MSP: Glycolic acid; GC-EI-TOF; MS; 2 TMS; BP	C2H4O3	OCC(O)=O		Glycolic acid; GC-EI-TOF; MS; 2 TMS; BP	76.016043988				73.0			MSP	MSP	75.7							150069.3	119231.6	154983.1	25828.67	25629.33	23422.89
28										83.0			MSP	MSP								3146.778	2302.222	3221.778	3545.333	3387.444	3536.889
29										69.0			MSP	MSP								4928.889	4408.667	5618.889	2604.667	2286.444	1528.556
30										147.0			MSP	MSP								4150.222	3182.333	3474.667	563.1111	729.8889	728.2222
31										221.0			MSP	MSP								2706.222	2601.111	2981.111	107.3333	156.8889	201.3333
32										131.0			MSP	MSP								3427.222	3082.333	3599.778	303.1111	336.2222	224.8889
33										77.0			MSP	MSP								2281.778	2514.333	1244.222	468.8889	520.0	436.6667
34	MSP: Glycolic acid; GC-EI-TOF; MS; 2 TMS; BP	C2H4O3	OCC(O)=O		Glycolic acid; GC-EI-TOF; MS; 2 TMS; BP	76.016043988				147.0			MSP	MSP	92.6							6623.333	5776.667	7258.889	4566.889	4666.444	4044.778
35										61.0			MSP	MSP								621.3333	1772.778	644.0	7557.222	7597.0	6190.667
36	MSP: Glycolic acid; GC-EI-TOF; MS; 2 TMS; BP	C2H4O3	OCC(O)=O		Glycolic acid; GC-EI-TOF; MS; 2 TMS; BP	76.016043988				66.0			MSP	MSP	72.0							2224.444	1978.444	2320.444	400.8889	515.0	324.2222
37										147.0			MSP	MSP								3767.667	3590.889	3755.778	3047.0	2949.667	405.8889
38										73.0			MSP	MSP								38472.55	27711.89	28877.22	9234.667	10350.67	7151.333
39										60.0			MSP	MSP								5710.222	4254.0	4431.667	383.0	341.2222	365.6667
40										72.0			MSP	MSP								1441.111	992.1111	6272.111	220.8889	285.6667	324.8889
41										69.0			MSP	MSP								2863.667	734.4445	2280.111	1636.222	1709.333	2016.444
42										77.0			MSP	MSP								2903.0	2436.778	2518.778	912.6667	1015.889	687.3333
43										89.0			MSP	MSP								2431.667	2519.556	2595.556	685.8889	2146.0	1630.667
44										154.0			MSP	MSP								2087.889	1743.111	2059.667	1202.222	1346.778	1497.556
45	MSP: L-Alanine; GC-EI-TOF; MS; 3 TMS; BP	C3H7NO2	CC(N)C(O)=O		L-Alanine; GC-EI-TOF; MS; 3 TMS; BP	89.047678464				73.0			MSP	MSP	97.1							296045.8	272303.3	169987.9	202861.7	196819.2	143655.9
46	MSP: DL-alpha-Hydroxybutyric acid; GC-EI-TOF; MS; 2 TMS; BP	C4H8O3	CCC(O)C(O)=O		DL-alpha-Hydroxybutyric acid; GC-EI-TOF; MS; 2 TMS; BP	104.047344116				147.0			MSP	MSP	75.5							61869.45	53090.45	42785.11	1311.333	1126.444	1397.778
47										89.0			MSP	MSP								3918.778	4346.222	4013.444	4166.667	4041.333	3808.222
48										69.0			MSP	MSP								4302.444	4153.111	1784.222	5213.556	3824.778	5499.556
49										155.0			MSP	MSP								3841.111	3033.889	4281.0	3060.667	3498.667	3724.556
50										240.0			MSP	MSP								1421.444	1107.778	1408.0	128.4444	122.2222	1481.889
51										91.0			MSP	MSP								3722.889	3633.444	3914.778	3394.889	3488.556	3264.778
52	MSP: Hydroxylamine; GC-EI-TOF; MS; 3 TMS; BP	H3NO	NO		Hydroxylamine; GC-EI-TOF; MS; 3 TMS; BP	33.021463716				73.0			MSP	MSP	99.7							335229.8	320908.6	199970.9	504771.3	541125.3	399709.0
53	MSP: Hydroxylamine; GC-EI-TOF; MS; 3 TMS; BP	H3NO	NO		Hydroxylamine; GC-EI-TOF; MS; 3 TMS; BP	33.021463716				103.0			MSP	MSP	76.8							6690.444	6299.778	3993.0	9397.223	10258.11	7975.111
54	MSP: Hydroxylamine; GC-EI-TOF; MS; 3 TMS; BP	H3NO	NO		Hydroxylamine; GC-EI-TOF; MS; 3 TMS; BP	33.021463716				149.0			MSP	MSP	76.9							2745.0	2683.889	1638.0	259.3333	211.4444	239.0
55										79.0			MSP	MSP								2850.111	3299.778	2594.889	4675.667	7679.556	8305.223
56										102.0			MSP	MSP								16895.78	14127.89	17489.0	361.4445	280.8889	296.5555
57	MSP: Oxalic acid; GC-EI-TOF; MS; 2 TMS; BP	C2H2O4	OC(=O)C(O)=O		Oxalic acid; GC-EI-TOF; MS; 2 TMS; BP	89.995308544				73.0			MSP	MSP	82.3							180931.7	183971.4	199970.9	12864.33	14294.22	11493.22
58										212.0			MSP	MSP								2345.0	2468.111	2414.111	90.44444	118.5556	100.3333
59										89.0			MSP	MSP								22280.78	18930.67	20321.11	5848.556	6214.0	5269.556
60										77.0			MSP	MSP								2952.111	482.2222	605.2222	4802.556	4989.444	3727.444
61										125.0			MSP	MSP								1263.889	148.5556	655.2222	2095.222	2360.556	2232.0
62	MSP: 5,6-Dihydrouracil; GC-EI-TOF; MS; 2 TMS; BP	C4H6N2O2	O=C(C1)NC(=O)NC1		5,6-Dihydrouracil; GC-EI-TOF; MS; 2 TMS; BP	114.042927432				73.0			MSP	MSP	92.4							52898.11	37033.55	67967.22	24004.67	24330.0	37241.22
63	MSP: DL-beta-Hydroxybutyric acid; GC-EI-TOF; MS; 2 TMS; BP	C4H8O3	CC(O)CC(O)=O		DL-beta-Hydroxybutyric acid; GC-EI-TOF; MS; 2 TMS; BP	104.047344116				73.0			MSP	MSP	85.2							40327.45	37785.67	38988.78	16967.11	20533.55	17163.89
64										75.0			MSP	MSP								20147.89	17181.89	21436.67	4562.222	3276.222	4315.667
65										146.0			MSP	MSP								1770.333	1733.778	1436.0	1550.111	218.2222	1846.444
66										100.0			MSP	MSP								7919.444	7852.0	7306.778	305.5555	1484.667	393.1111
67										86.0			MSP	MSP								6316.111	6003.778	5851.333	127.0	240.3333	882.2222
68	MSP: Oxalic acid; GC-EI-TOF; MS; 2 TMS; BP	C2H2O4	OC(=O)C(O)=O		Oxalic acid; GC-EI-TOF; MS; 2 TMS; BP	89.995308544				73.0			MSP	MSP	78.5							40254.22	37998.89	4451.111	2940.444	1131.444	1837.0
69										147.0			MSP	MSP								15356.44	13194.56	16574.67	11988.78	12502.22	16430.89
70										73.0			MSP	MSP								42315.45	36979.55	45675.45	34718.67	36582.78	38883.11
71										72.0			MSP	MSP								2685.333	2308.0	2950.889	994.7778	587.1111	1131.0
72										113.0			MSP	MSP								7251.556	6137.111	8794.667	1943.444	2044.0	2311.778
73	MSP: DL-beta-Hydroxybutyric acid; GC-EI-TOF; MS; 2 TMS; BP	C4H8O3	CC(O)CC(O)=O		DL-beta-Hydroxybutyric acid; GC-EI-TOF; MS; 2 TMS; BP	104.047344116				73.0			MSP	MSP	76.2							8810.667	9396.667	8038.333	8956.777	10175.0	8037.556
74	MSP: DL-beta-Hydroxybutyric acid; GC-EI-TOF; MS; 2 TMS; BP	C4H8O3	CC(O)CC(O)=O		DL-beta-Hydroxybutyric acid; GC-EI-TOF; MS; 2 TMS; BP	104.047344116				130.0			MSP	MSP	72.3							1773.333	1488.556	177.8889	185.6667	1270.778	190.7778
75										241.0			MSP	MSP								6785.0	5978.222	6075.889	5816.333	5897.222	5546.222
76										209.0			MSP	MSP								249.7778	258.3333	344.0	515056.6	509028.7	523170.9
77										75.0			MSP	MSP								30219.0	30391.22	31053.0	29449.33	28725.55	20408.89
78										73.0			MSP	MSP								45110.0	42836.11	46613.89	16724.11	18036.0	16812.78
79										77.0			MSP	MSP								2941.111	2909.333	2999.0	1778.222	1960.111	2041.222
80										107.0			MSP	MSP								1522.222	1197.889	1691.333	469.8889	468.3333	256.0
81										75.0			MSP	MSP								30319.11	30692.67	33390.45	16836.55	18691.33	18537.78
82										130.0			MSP	MSP								3351.667	480.6667	3626.111	1991.778	314.0	2264.0
83										167.0			MSP	MSP								87.33334	72.0	66.88889	3051.444	3189.889	3440.667
84										73.0			MSP	MSP								5953.333	14959.44	2567.111	111403.7	135906.6	37365.78
85										91.0			MSP	MSP								3262.667	3276.667	2529.889	3872.667	3887.111	3183.778
86										119.0			MSP	MSP								3123.778	3055.111	3146.556	3834.778	4119.778	3327.667
87										197.0			MSP	MSP								82.66666	127.0	103.8889	8920.777	9311.111	9172.444
88										147.0			MSP	MSP								5922.444	5109.333	6744.0	3395.333	3495.556	4182.222
89										170.0			MSP	MSP								1424.0	1082.222	1177.444	221.8889	907.1111	1227.0
90										69.0			MSP	MSP								6179.667	5207.333	6183.222	42569.55	42226.45	34040.78
91										79.0			MSP	MSP								1742.0	1241.889	1138.333	3469.111	3810.222	2495.667
92										147.0			MSP	MSP								2734.778	2633.333	2395.333	1405.889	458.4445	438.3333
93										77.0			MSP	MSP								2012.222	1896.667	2334.222	2111.667	17504.45	2164.778
94										171.0			MSP	MSP								2099.444	1771.667	2421.889	553.0	716.4445	371.2222
95	MSP: Malonic acid; GC-EI-TOF; MS; 2 TMS; BP	C3H4O4	OC(=O)CC(O)=O		Malonic acid; GC-EI-TOF; MS; 2 TMS; BP	104.010958608				75.0			MSP	MSP	73.7							5076.444	3605.0	5825.556	10875.44	12820.22	10737.67
96	MSP: L-Valine; GC-EI-TOF; MS; 2 TMS; BP	C5H11NO2	CC(C)[C@H](N)C(O)=O		L-Valine; GC-EI-TOF; MS; 2 TMS; BP	117.078978592				73.0			MSP	MSP	93.9							93476.45	75585.89	81354.11	55026.45	61092.11	54041.55
97	MSP: L-Valine; GC-EI-TOF; MS; 2 TMS; BP	C5H11NO2	CC(C)[C@H](N)C(O)=O		L-Valine; GC-EI-TOF; MS; 2 TMS; BP	117.078978592				73.0			MSP	MSP	78.8							93476.45	75585.89	81354.11	55026.45	61092.11	54041.55
98	MSP: L-Valine; GC-EI-TOF; MS; 2 TMS; BP	C5H11NO2	CC(C)[C@H](N)C(O)=O		L-Valine; GC-EI-TOF; MS; 2 TMS; BP	117.078978592				100.0			MSP	MSP	73.4							9091.556	7437.222	8121.222	5811.556	6059.111	5877.889
99										170.0			MSP	MSP								201.0	193.1111	2540.778	976.6667	1125.889	1303.778
100										175.0			MSP	MSP								9186.556	6635.333	9068.333	8233.556	9497.667	10004.78
101										61.0			MSP	MSP								2445.0	1820.667	2492.444	2255.667	4373.222	1727.222
102										130.0			MSP	MSP								2204.444	1653.0	249.7778	270.0	2141.667	190.4444
103										71.0			MSP	MSP								2081.111	2450.222	2155.333	3164.0	3244.111	498.6667
104										83.0			MSP	MSP								10467.11	7706.889	13363.78	175.5556	206.4444	204.3333
105										75.0			MSP	MSP								7624.667	7839.889	4328.0	3830.556	8690.444	7284.0
106										163.0			MSP	MSP								4128.667	3152.0	3825.222	297.2222	123.7778	225.0
107										72.0			MSP	MSP								38760.11	1162.111	36693.45	10688.11	11181.0	6809.0
108	MSP: 1,3-Dihydroxyacetone dimer; GC-EI-TOF; MS; 2 TMS; BP	C6H12O6	OCC(O)(C1)OCC(O)(CO)O1		1,3-Dihydroxyacetone dimer; GC-EI-TOF; MS; 2 TMS; BP	180.063388104				73.0			MSP	MSP	83.2							427406.2	316951.7	411763.2	82449.66	85539.78	57705.55
109										71.0			MSP	MSP								4509.111	5705.333	4538.333	7813.667	7743.333	6139.778
110										147.0			MSP	MSP								7130.111	6939.222	4892.111	4266.222	5496.0	4990.556
111										171.0			MSP	MSP								1462.667	1507.333	898.3333	1101.444	1386.222	4745.778
112										147.0			MSP	MSP								48246.33	39474.67	48280.78	15175.67	20149.89	16749.45
113										149.0			MSP	MSP								3553.333	2994.333	3542.0	1240.667	1474.0	212.4444
114										171.0			MSP	MSP								12936.11	11151.22	13082.22	4384.0	5318.556	528.5555
115										73.0			MSP	MSP								42315.33	34171.67	42407.89	73342.11	77155.66	66902.66
116										210.0			MSP	MSP								3312.111	1329.889	2761.111	5205.556	10140.56	6539.889
117										69.0			MSP	MSP								105575.3	84918.89	103672.4	31174.33	30978.45	26227.45
118										89.0			MSP	MSP								1695.111	481.1111	1663.111	205.0	293.5555	313.0
119										73.0			MSP	MSP								16588.45	12989.56	30192.78	10011.33	10775.11	9388.556
120										105.0			MSP	MSP								2470.333	1931.111	3041.111	1927.778	352.6667	3240.0
121										76.0			MSP	MSP								6600.778	505.1111	6864.889	13440.67	13428.33	7501.778
122										158.0			MSP	MSP								34813.55	445.4445	391.0	19289.55	19922.11	17720.78
123										299.0			MSP	MSP								879115.1	808269.8	869212.7	1050848.0	1043272.0	853958.4
124	MSP: 1,3-Dihydroxyacetone dimer; GC-EI-TOF; MS; 2 TMS; BP	C6H12O6	OCC(O)(C1)OCC(O)(CO)O1		1,3-Dihydroxyacetone dimer; GC-EI-TOF; MS; 2 TMS; BP	180.063388104				73.0			MSP	MSP	73.1							1170171.0	1949911.0	1869211.0	2553736.0	2670557.0	1728227.0
125										181.0			MSP	MSP								70984.45	72661.11	71379.78	108850.2	112892.6	79599.45
126										303.0			MSP	MSP								5898.222	5415.111	5833.889	7283.667	183.0	5738.222
127										174.0			MSP	MSP								21549.0	17545.45	17216.33	18724.89	264.0	282.2222
128	MSP: L-Leucine; GC-EI-TOF; MS; 2 TMS; BP	C6H13NO2	CC(C)C[C@H](N)C(O)=O		L-Leucine; GC-EI-TOF; MS; 2 TMS; BP	131.094628656				119.0			MSP	MSP	73.0							56409.45	58389.67	55651.89	789.2222	730.3333	986.3333
129										147.0			MSP	MSP								16056.44	18001.55	15228.56	6607.444	3992.222	5998.222
130										69.0			MSP	MSP								58184.67	42766.89	62289.33	15650.22	13940.33	12984.0
131										91.0			MSP	MSP								3498.667	720.3333	4280.667	1912.222	1922.0	1674.667
132										76.0			MSP	MSP								5485.778	4296.222	5824.444	1022.111	1983.444	1042.111
133										75.0			MSP	MSP								7966.444	6621.111	9035.223	9333.333	9498.444	8594.444
134										119.0			MSP	MSP								1924.667	1794.889	2041.111	1477.222	1474.0	1522.667
135										91.0			MSP	MSP								1866.0	1459.111	1908.0	588.0	586.4445	753.3333
136	MSP: L-Isoleucine; GC-EI-TOF; MS; 2 TMS; BP	C6H13NO2	CC[C@H](C)[C@H](N)C(O)=O		L-Isoleucine; GC-EI-TOF; MS; 2 TMS; BP	131.094628656				73.0			MSP	MSP	96.5							47119.22	35467.78	41925.89	24957.45	27331.55	23310.45
137										69.0			MSP	MSP								6279.222	4357.111	6304.444	2753.556	1897.556	2144.222
138										73.0			MSP	MSP								873568.8	789072.1	565678.7	658837.1	562628.8	310466.7
139	MSP: L-(-)-Proline; GC-EI-TOF; MS; 2 TMS; BP	C5H9NO2	OC(=O)C([H])(C1)NCC1		L-(-)-Proline; GC-EI-TOF; MS; 2 TMS; BP	115.063328528				83.0			MSP	MSP	72.2							11456.89	9394.111	10311.0	14329.56	10870.56	8873.444
140										155.0			MSP	MSP								1434.556	1139.556	1340.444	234.3333	193.6667	1358.0
141	MSP: Nicotinic acid; GC-EI-TOF; MS; 1 TMS; BP	C6H5NO2	OC(=O)c(c1)cncc1		Nicotinic acid; GC-EI-TOF; MS; 1 TMS; BP	123.0320284				180.0			MSP	MSP	71.5							130.0	129.7778	130.6667	2955.222	2393.222	2946.111
142	MSP: Succinic acid; GC-EI-TOF; MS; 2 TMS; BP	C4H6O4	OC(=O)CCC(O)=O		Succinic acid; GC-EI-TOF; MS; 2 TMS; BP	118.026608672				147.0			MSP	MSP	84.1							1474437.0	1231644.0	124863.2	1518085.0	1461522.0	1238295.0
143	MSP: Glycine; GC-EI-TOF; MS; 3 TMS; BP	C2H5NO2	NCC(O)=O		Glycine; GC-EI-TOF; MS; 3 TMS; BP	75.0320284				174.0			MSP	MSP	92.6							289172.3	232538.9	265559.4	102669.2	93091.55	171706.7
144	MSP: R-(-)-1-Amino-2-propanol; GC-EI-TOF; MS; 3 TMS; BP	C3H9NO	NCC(C)O		R-(-)-1-Amino-2-propanol; GC-EI-TOF; MS; 3 TMS; BP	75.068413908				73.0			MSP	MSP	74.6							1066516.0	997564.9	1064542.0	1175663.0	1124867.0	910260.4
145										76.0			MSP	MSP								601729.4	509288.0	594771.7	709976.3	690244.9	491296.8
146	MSP: R-(-)-1-Amino-2-propanol; GC-EI-TOF; MS; 3 TMS; BP	C3H9NO	NCC(C)O		R-(-)-1-Amino-2-propanol; GC-EI-TOF; MS; 3 TMS; BP	75.068413908				160.0			MSP	MSP	73.1							10475.44	9141.777	10171.56	237.3333	9506.333	8287.556
147	MSP: Succinic acid; GC-EI-TOF; MS; 2 TMS; BP	C4H6O4	OC(=O)CCC(O)=O		Succinic acid; GC-EI-TOF; MS; 2 TMS; BP	118.026608672				147.0			MSP	MSP	86.2							1474345.0	1231644.0	1437896.0	1518085.0	1461570.0	1238295.0
148	MSP: Succinic acid; GC-EI-TOF; MS; 2 TMS; BP	C4H6O4	OC(=O)CCC(O)=O		Succinic acid; GC-EI-TOF; MS; 2 TMS; BP	118.026608672				79.0			MSP	MSP	86.4							20865.45	117.0	23909.0	6249.889	4373.222	7733.222
149										129.0			MSP	MSP								4100.111	3055.889	4143.444	1959.556	2250.778	407.7778
150										191.0			MSP	MSP								2544.778	1032.111	2813.333	163.1111	88.22222	183.0
151										144.0			MSP	MSP								1032.444	893.2222	398.3333	2554.0	153.8889	153.8889
152										69.0			MSP	MSP								4693.667	4305.444	4845.889	10169.56	10529.56	9382.556
153										73.0			MSP	MSP								21531.89	16112.33	22634.67	10377.0	10276.11	10442.89
154										135.0			MSP	MSP								408.4445	356.6667	422.8889	6185.778	6096.444	6481.444
155	MSP: R-(-)-1-Amino-2-propanol; GC-EI-TOF; MS; 3 TMS; BP	C3H9NO	NCC(C)O		R-(-)-1-Amino-2-propanol; GC-EI-TOF; MS; 3 TMS; BP	75.068413908				73.0			MSP	MSP	74.7							59282.67	39004.11	53358.89	11791.33	13753.0	13601.78
156										89.0			MSP	MSP								3097.667	2762.222	3110.444	169.0	308.2222	877.8889
157										148.0			MSP	MSP								2375.667	1918.444	434.3333	270.1111	215.2222	315.6667
158										100.0			MSP	MSP								2060.222	1575.444	1765.0	489.6667	853.5555	516.5555
159										75.0			MSP	MSP								8970.444	7212.556	9321.889	6909.889	1370.222	2947.222
160										196.0			MSP	MSP								2082.0	1962.444	2382.333	98.0	125.7778	1816.889
161										67.0			MSP	MSP								1281.333	1028.333	1445.222	522.2222	666.5555	786.5555
162										73.0			MSP	MSP								492344.0	276957.4	699767.3	101362.3	126161.1	164130.2
163										79.0			MSP	MSP								23335.78	12705.0	24945.55	2521.111	2465.778	13896.11
164										135.0			MSP	MSP								314.6667	282.0	400.3333	20213.33	19961.11	21966.67
165										248.0			MSP	MSP								1162.111	111.4444	1191.889	1039.333	934.0	1351.111
166	MSP: Fumaric acid; GC-EI-TOF; MS; 2 TMS; BP	C4H4O4	OC(=O)C=CC(O)=O		Fumaric acid; GC-EI-TOF; MS; 2 TMS; BP	116.010958608				73.0			MSP	MSP	99.6							187343.0	142668.6	182420.2	152459.1	147989.6	153209.0
167										79.0			MSP	MSP								24678.45	13145.11	24075.89	9263.111	3055.889	693.5555
168	MSP: L-Serine; GC-EI-TOF; MS; 3 TMS; BP	C3H7NO3	OC[C@H](N)C(O)=O		L-Serine; GC-EI-TOF; MS; 3 TMS; BP	105.042593084				73.0			MSP	MSP	99.8							1513536.0	1521659.0	1626123.0	1833252.0	2127514.0	1781476.0
169										75.0			MSP	MSP								227468.8	207870.7	224114.3	266538.6	308672.0	246602.4
170	MSP: L-Serine; GC-EI-TOF; MS; 3 TMS; BP	C3H7NO3	OC[C@H](N)C(O)=O		L-Serine; GC-EI-TOF; MS; 3 TMS; BP	105.042593084				73.0			MSP	MSP	99.3							1694960.0	1521659.0	1558075.0	40936.0	2128318.0	1782535.0
171										79.0			MSP	MSP								30698.89	5559.556	30344.33	5116.556	3458.778	17837.89
172	MSP: L-Serine; GC-EI-TOF; MS; 3 TMS; BP	C3H7NO3	OC[C@H](N)C(O)=O		L-Serine; GC-EI-TOF; MS; 3 TMS; BP	105.042593084				73.0			MSP	MSP	75.5							95695.11	53339.22	100247.1	42109.11	45440.55	46716.22
173										74.0			MSP	MSP								8758.223	5118.0	9296.0	4079.667	1056.222	1737.556
174	MSP: L-Threonine; GC-EI-TOF; MS; 3 TMS; BP	C4H9NO3	C[C@H](O)[C@H](N)C(O)=O		L-Threonine; GC-EI-TOF; MS; 3 TMS; BP	119.058243148				101.0			MSP	MSP	70.1							4306.778	2965.556	4761.889	442.6667	2143.0	34546.0
175	MSP: L-Threonine; GC-EI-TOF; MS; 3 TMS; BP	C4H9NO3	C[C@H](O)[C@H](N)C(O)=O		L-Threonine; GC-EI-TOF; MS; 3 TMS; BP	119.058243148				73.0			MSP	MSP	74.1							14861.89	52555.78	13322.44	12160.89	11705.89	14388.56
176										141.0			MSP	MSP								1781.667	1381.222	1654.778	1297.667	1456.667	2959.222
177										247.0			MSP	MSP								5546.778	4817.667	5887.556	3016.667	3536.889	3640.444
178										177.0			MSP	MSP								1922.778	119.1111	1827.778	7033.444	7735.667	10390.56
179	MSP: L-Threonine; GC-EI-TOF; MS; 3 TMS; BP	C4H9NO3	C[C@H](O)[C@H](N)C(O)=O		L-Threonine; GC-EI-TOF; MS; 3 TMS; BP	119.058243148				73.0			MSP	MSP	98.4							543544.6	353621.0	527185.4	259985.3	252441.4	224084.7
180	MSP: L-Threonine; GC-EI-TOF; MS; 3 TMS; BP	C4H9NO3	C[C@H](O)[C@H](N)C(O)=O		L-Threonine; GC-EI-TOF; MS; 3 TMS; BP	119.058243148				147.0			MSP	MSP	78.3							53985.67	37990.55	53023.11	25292.67	1454.333	24706.0
181										83.0			MSP	MSP								2589.778	234.1111	2508.778	749.1111	870.4445	484.0
182	MSP: Mesaconic acid; GC-EI-TOF; MS; 2 TMS; BP	C5H6O4	OC(=O)C=C(C)C(O)=O		Mesaconic acid; GC-EI-TOF; MS; 2 TMS; BP	130.026608672				147.0			MSP	MSP	71.1							9662.223	7285.556	11062.0	971.3333	1110.667	2589.0
183	MSP: Mesaconic acid; GC-EI-TOF; MS; 2 TMS; BP	C5H6O4	OC(=O)C=C(C)C(O)=O		Mesaconic acid; GC-EI-TOF; MS; 2 TMS; BP	130.026608672				73.0			MSP	MSP	70.6							48094.22	1593.333	51402.22	17002.22	19814.11	19779.67
184	MSP: Glutaric acid; GC-EI-TOF; MS; 2 TMS; BP	C5H8O4	OC(=O)CCCC(O)=O		Glutaric acid; GC-EI-TOF; MS; 2 TMS; BP	132.042258736				73.0			MSP	MSP	73.2							47967.33	39494.89	47140.33	16957.55	19814.11	19712.0
185										91.0			MSP	MSP								18411.0	17967.67	17759.45	6363.667	463.6667	7492.333
186										101.0			MSP	MSP								1455.889	384.1111	1361.667	1035.667	986.3333	1084.333
187	MSP: Diethanolamine; GC-EI-TOF; MS; 3 TMS; BP	C4H11NO2	OCCNCCO		Diethanolamine; GC-EI-TOF; MS; 3 TMS; BP	105.078978592				73.0			MSP	MSP	74.4							283183.8	5449.0	3254.667	53696.45	49052.22	38929.67
188										205.0			MSP	MSP								4550.111	3920.0	3403.0	750.7778	919.6667	1464.444
189	MSP: beta-Alanine; GC-EI-TOF; MS; 3 TMS; BP	C3H7NO2	NCCC(O)=O		beta-Alanine; GC-EI-TOF; MS; 3 TMS; BP	89.047678464				73.0			MSP	MSP	72.1							50209.11	20491.55	48698.33	14507.89	14524.33	18423.11
190	MSP: beta-Alanine; GC-EI-TOF; MS; 3 TMS; BP	C3H7NO2	NCCC(O)=O		beta-Alanine; GC-EI-TOF; MS; 3 TMS; BP	89.047678464				73.0			MSP	MSP	96.9							49892.0	29186.89	48237.45	14871.11	17355.0	18162.78
191	MSP: Diethanolamine; GC-EI-TOF; MS; 3 TMS; BP	C4H11NO2	OCCNCCO		Diethanolamine; GC-EI-TOF; MS; 3 TMS; BP	105.078978592				218.0			MSP	MSP	91.8							225.6667	246.5556	278.4445	101.4444	2705.778	1322.333
192										110.0			MSP	MSP								384.5555	420.5555	1072.111	1722.222	1816.222	1943.889
193										73.0			MSP	MSP								87942.34	58257.11	82295.78	28169.45	31395.89	66295.66
194	MSP: L-(-)-Malic acid; GC-EI-TOF; MS; 3 TMS; BP	C4H6O5	OC(=O)C[C@H](O)C(O)=O		L-(-)-Malic acid; GC-EI-TOF; MS; 3 TMS; BP	134.021523292				103.0			MSP	MSP	77.5							4177.111	2917.111	4179.111	3888.222	4078.667	1054.0
195										71.0			MSP	MSP								9987.889	5112.444	10658.0	9702.889	11918.56	13171.11
196										70.0			MSP	MSP								3778.556	14201.67	4423.0	1217.333	1425.444	2188.889
197	MSP: L-(-)-Malic acid; GC-EI-TOF; MS; 3 TMS; BP	C4H6O5	OC(=O)C[C@H](O)C(O)=O		L-(-)-Malic acid; GC-EI-TOF; MS; 3 TMS; BP	134.021523292				73.0			MSP	MSP	75.7							117567.6	71860.0	116799.0	29275.78	31277.45	28166.33
198										155.0			MSP	MSP								2426.222	1743.889	2021.778	877.8889	154.0	2281.111
199	MSP: L-(-)-Malic acid; GC-EI-TOF; MS; 3 TMS; BP	C4H6O5	OC(=O)C[C@H](O)C(O)=O		L-(-)-Malic acid; GC-EI-TOF; MS; 3 TMS; BP	134.021523292				73.0			MSP	MSP	93.5							430628.3	1978.556	426717.1	369049.8	278819.1	248938.6
200	MSP: L-(-)-Malic acid; GC-EI-TOF; MS; 3 TMS; BP	C4H6O5	OC(=O)C[C@H](O)C(O)=O		L-(-)-Malic acid; GC-EI-TOF; MS; 3 TMS; BP	134.021523292				73.0			MSP	MSP	91.6							430628.3	266950.8	426168.4	369049.8	278819.1	248938.6
201	MSP: L-(-)-Malic acid; GC-EI-TOF; MS; 3 TMS; BP	C4H6O5	OC(=O)C[C@H](O)C(O)=O		L-(-)-Malic acid; GC-EI-TOF; MS; 3 TMS; BP	134.021523292				73.0			MSP	MSP	93.8							430945.0	267322.8	426717.1	5757.222	5428.889	248588.6
202										100.0			MSP	MSP								2692.889	1985.0	2662.889	219.4444	245.5556	1802.667
203										103.0			MSP	MSP								5903.333	955.5555	1317.778	1248.444	1258.222	1445.333
204	MSP: L-Aspartic acid; GC-EI-TOF; MS; 3 TMS; BP	C4H7NO4	OC(=O)CC(N)C(O)=O		L-Aspartic acid; GC-EI-TOF; MS; 3 TMS; BP	133.037507704				73.0			MSP	MSP	83.5							40912.89	24871.33	40288.55	8353.111	8321.223	8770.667
205	MSP: Niacinamide; GC-EI-TOF; MS; 1 TMS; BP	C6H6N2O	NC(=O)c(c1)cncc1		Niacinamide; GC-EI-TOF; MS; 1 TMS; BP	122.048012812				75.0			MSP	MSP	72.3							5678.333	568.6667	5681.444	2756.556	2664.0	3110.111
206										191.0			MSP	MSP								1189.778	950.7778	1199.667	124.6667	47.11111	55.11111
207										102.0			MSP	MSP								31296.55	25673.0	34974.0	9515.333	7840.889	5978.889
208										75.0			MSP	MSP								18643.0	13560.33	21631.33	4353.556	19879.11	32158.45
209										98.0			MSP	MSP								8067.111	6506.444	9158.0	3387.889	4332.444	7508.444
210										100.0			MSP	MSP								170725.6	98066.78	179708.9	80900.78	106362.7	184723.0
211	MSP: L-Aspartic acid; GC-EI-TOF; MS; 3 TMS; BP	C4H7NO4	OC(=O)CC(N)C(O)=O		L-Aspartic acid; GC-EI-TOF; MS; 3 TMS; BP	133.037507704				73.0			MSP	MSP	78.4							1666386.0	71406.11	1546182.0	1654860.0	1651991.0	1270100.0
212	MSP: L-Aspartic acid; GC-EI-TOF; MS; 3 TMS; BP	C4H7NO4	OC(=O)CC(N)C(O)=O		L-Aspartic acid; GC-EI-TOF; MS; 3 TMS; BP	133.037507704				232.0			MSP	MSP	87.5							308541.7	217165.8	306998.7	145639.9	147950.1	134314.9
213	MSP: L-Aspartic acid; GC-EI-TOF; MS; 3 TMS; BP	C4H7NO4	OC(=O)CC(N)C(O)=O		L-Aspartic acid; GC-EI-TOF; MS; 3 TMS; BP	133.037507704				73.0			MSP	MSP	82.5							1652597.0	1411828.0	1546182.0	1655137.0	1651829.0	1268084.0
214										271.0			MSP	MSP								378506.9	275442.2	384265.2	307076.9	305349.4	295991.4
215										270.0			MSP	MSP								30861.0	21573.22	31165.11	23504.22	23069.0	23387.0
216	MSP: L-Aspartic acid; GC-EI-TOF; MS; 3 TMS; BP	C4H7NO4	OC(=O)CC(N)C(O)=O		L-Aspartic acid; GC-EI-TOF; MS; 3 TMS; BP	133.037507704				75.0			MSP	MSP	84.6							237169.7	1003.667	150525.3	4968.556	178435.7	2441.0
217	MSP: L-Methionine; GC-EI-TOF; MS; 2 TMS; BP	C5H11NO2S	N[C@@H](CCSC)C(O)=O		L-Methionine; GC-EI-TOF; MS; 2 TMS; BP	149.051049592				61.0			MSP	MSP	74.0							5692.111	3422.444	5770.0	2610.778	2519.667	2787.778
218										69.0			MSP	MSP								4089.444	2834.222	3584.333	1654.111	13178.67	1531.111
219										176.0			MSP	MSP								4075.222	3327.556	4100.333	2072.778	2286.667	1964.333
220										79.0			MSP	MSP								22469.55	9560.333	23071.33	25235.22	26746.45	13460.78
221	MSP: L-5-Oxoproline; GC-EI-TOF; MS; 2 TMS; BP	C5H7NO3	O=C(C1)NC(C1)C(O)=O		L-5-Oxoproline; GC-EI-TOF; MS; 2 TMS; BP	129.042593084				73.0			MSP	MSP	93.1							1646943.0	1531764.0	1567609.0	1946935.0	2186650.0	1871415.0
222	MSP: L-5-Oxoproline; GC-EI-TOF; MS; 2 TMS; BP	C5H7NO3	O=C(C1)NC(C1)C(O)=O		L-5-Oxoproline; GC-EI-TOF; MS; 2 TMS; BP	129.042593084				73.0			MSP	MSP	93.9							1612211.0	1532135.0	1567609.0	1946935.0	2186650.0	1871415.0
223										161.0			MSP	MSP								274363.8	222083.2	285521.4	287505.1	308468.7	279796.7
224	MSP: L-5-Oxoproline; GC-EI-TOF; MS; 2 TMS; BP	C5H7NO3	O=C(C1)NC(C1)C(O)=O		L-5-Oxoproline; GC-EI-TOF; MS; 2 TMS; BP	129.042593084				292.0			MSP	MSP	72.3							1298.667	993.6667	1278.667	147.6667	114.4444	641.6667
225										174.0			MSP	MSP								14351.22	10142.89	12759.89	5272.0	4637.222	14162.33
226	MSP: DL-threo-beta-Methylaspartic acid; GC-EI-TOF; MS; 3 TMS; BP	C5H9NO4	OC(=O)C(C)C(N)C(O)=O		DL-threo-beta-Methylaspartic acid; GC-EI-TOF; MS; 3 TMS; BP	147.053157768				75.0			MSP	MSP	70.7							257938.6	239274.0	254929.3	6814.444	8738.777	9604.111
227										150.0			MSP	MSP								2506.444	1920.333	651.3333	1531.667	1473.667	1828.333
228										130.0			MSP	MSP								14363.44	10120.11	13151.78	9659.333	8168.222	10177.89
229										185.0			MSP	MSP								4121.556	2793.667	3971.667	1836.0	2017.111	3648.111
230	MSP: GABA; GC-EI-TOF; MS; 3 TMS; BP	C4H9NO2	NCCCC(O)=O		GABA; GC-EI-TOF; MS; 3 TMS; BP	103.063328528				81.0			MSP	MSP	70.3							2882.111	1768.222	2863.333	580.4445	1540.778	582.3333
231										199.0			MSP	MSP								3663.444	2509.889	3847.556	213.8889	204.8889	2697.111
232	MSP: DL-threo-beta-Methylaspartic acid; GC-EI-TOF; MS; 3 TMS; BP	C5H9NO4	OC(=O)C(C)C(N)C(O)=O		DL-threo-beta-Methylaspartic acid; GC-EI-TOF; MS; 3 TMS; BP	147.053157768				70.0			MSP	MSP	77.6							6327.111	3942.0	6642.111	3243.111	3242.111	3927.0
233										155.0			MSP	MSP								12209.22	6984.889	12991.56	1850.444	2833.556	5958.556
234	MSP: DL-threo-beta-Methylaspartic acid; GC-EI-TOF; MS; 3 TMS; BP	C5H9NO4	OC(=O)C(C)C(N)C(O)=O		DL-threo-beta-Methylaspartic acid; GC-EI-TOF; MS; 3 TMS; BP	147.053157768				73.0			MSP	MSP	77.0							1073495.0	536391.4	39318.45	260911.4	273820.3	236608.1
235	MSP: DL-threo-beta-Methylaspartic acid; GC-EI-TOF; MS; 3 TMS; BP	C5H9NO4	OC(=O)C(C)C(N)C(O)=O		DL-threo-beta-Methylaspartic acid; GC-EI-TOF; MS; 3 TMS; BP	147.053157768				73.0			MSP	MSP	75.6							1073495.0	536391.4	1001666.0	264854.4	268993.2	242375.9
236										121.0			MSP	MSP								4659.667	294.4445	350.7778	3458.222	3720.111	7391.333
237	MSP: DL-threo-beta-Methylaspartic acid; GC-EI-TOF; MS; 3 TMS; BP	C5H9NO4	OC(=O)C(C)C(N)C(O)=O		DL-threo-beta-Methylaspartic acid; GC-EI-TOF; MS; 3 TMS; BP	147.053157768				73.0			MSP	MSP	76.8							1073495.0	530654.3	992239.6	259094.2	273820.3	236608.1
238	MSP: DL-threo-beta-Methylaspartic acid; GC-EI-TOF; MS; 3 TMS; BP	C5H9NO4	OC(=O)C(C)C(N)C(O)=O		DL-threo-beta-Methylaspartic acid; GC-EI-TOF; MS; 3 TMS; BP	147.053157768				73.0			MSP	MSP	76.6							1063351.0	536391.4	1002184.0	264854.4	273820.3	242375.9
239										263.0			MSP	MSP								1647.222	1272.333	1811.0	101.8889	117.0	123.8889
240										83.0			MSP	MSP								755.3333	527.7778	595.4445	2523.889	2398.222	2568.889
241										156.0			MSP	MSP								3850.333	3076.667	3842.444	788.4445	822.3333	1283.222
242	MSP: DL-threo-beta-Methylaspartic acid; GC-EI-TOF; MS; 3 TMS; BP	C5H9NO4	OC(=O)C(C)C(N)C(O)=O		DL-threo-beta-Methylaspartic acid; GC-EI-TOF; MS; 3 TMS; BP	147.053157768				73.0			MSP	MSP	78.0							33854.89	519566.7	15176.44	23360.22	27245.78	36877.33
243	MSP: DL-threo-beta-Methylaspartic acid; GC-EI-TOF; MS; 3 TMS; BP	C5H9NO4	OC(=O)C(C)C(N)C(O)=O		DL-threo-beta-Methylaspartic acid; GC-EI-TOF; MS; 3 TMS; BP	147.053157768				73.0			MSP	MSP	73.3							33719.55	19607.22	31882.67	25108.45	27245.78	36877.33
244	MSP: Phenylpyruvic acid; GC-EI-TOF; MS; 1 TMS; 1 MEOX; BP	C9H8O3	OC(=O)C(=O)Cc(c1)cccc1		Phenylpyruvic acid; GC-EI-TOF; MS; 1 TMS; 1 MEOX; BP	164.047344116				73.0			MSP	MSP	72.1							100423.8	5671.778	32440.11	33661.11	43692.0	68361.34
245	MSP: 2-Oxoglutaric acid; GC-EI-TOF; MS; 2 TMS; 1 MEOX; BP	C5H6O5	OC(=O)CCC(=O)C(O)=O		2-Oxoglutaric acid; GC-EI-TOF; MS; 2 TMS; 1 MEOX; BP	146.021523292				73.0			MSP	MSP	76.7							100423.8	46428.45	112905.0	32764.0	42665.89	72078.0
246										89.0			MSP	MSP								3379.889	2080.111	7097.222	3766.667	4765.222	5214.889
247	MSP: 2-Oxoglutaric acid; GC-EI-TOF; MS; 2 TMS; 1 MEOX; BP	C5H6O5	OC(=O)CCC(=O)C(O)=O		2-Oxoglutaric acid; GC-EI-TOF; MS; 2 TMS; 1 MEOX; BP	146.021523292				185.0			MSP	MSP	76.4							2668.778	168.1111	192.5556	1413.889	177.2222	1970.667
248	MSP: 2-Oxoglutaric acid; GC-EI-TOF; MS; 2 TMS; 1 MEOX; BP	C5H6O5	OC(=O)CCC(=O)C(O)=O		2-Oxoglutaric acid; GC-EI-TOF; MS; 2 TMS; 1 MEOX; BP	146.021523292				73.0			MSP	MSP	71.2							109493.6	61849.55	107592.9	56105.55	61177.33	68361.34
249	MSP: 2-Oxoglutaric acid; GC-EI-TOF; MS; 2 TMS; 1 MEOX; BP	C5H6O5	OC(=O)CCC(=O)C(O)=O		2-Oxoglutaric acid; GC-EI-TOF; MS; 2 TMS; 1 MEOX; BP	146.021523292				73.0			MSP	MSP	78.3							105135.6	46428.45	22276.45	56105.55	59581.22	27738.78
250										217.0			MSP	MSP								2915.111	2607.222	2744.0	2533.333	2905.556	2636.333
251										81.0			MSP	MSP								1696.778	1273.333	1724.667	208.6667	342.1111	283.2222
252										84.0			MSP	MSP								1900.556	2467.889	3152.556	1544.444	1407.556	1650.667
253										100.0			MSP	MSP								5208.222	3324.333	5086.222	739.5555	3640.333	1644.556
254	MSP: 2-Oxoglutaric acid; GC-EI-TOF; MS; 2 TMS; 1 MEOX; BP	C5H6O5	OC(=O)CCC(=O)C(O)=O		2-Oxoglutaric acid; GC-EI-TOF; MS; 2 TMS; 1 MEOX; BP	146.021523292				73.0			MSP	MSP	79.6							28599.22	61849.55	30637.78	12535.33	12762.89	15870.56
255										146.0			MSP	MSP								6216.111	2381.444	7414.778	1718.444	1872.556	3866.222
256										103.0			MSP	MSP								8786.0	5872.222	8987.0	4652.333	4180.778	5962.444
257										217.0			MSP	MSP								2284.222	2171.778	2148.0	179.2222	92.0	206.7778
258										117.0			MSP	MSP								4615.556	745.7778	4322.444	1481.444	1864.222	3105.0
259										73.0			MSP	MSP								246970.9	103856.0	242767.3	30034.89	50412.0	123417.2
260										211.0			MSP	MSP								3914.111	3346.556	3988.222	4790.444	3826.111	3892.0
261										70.0			MSP	MSP								48293.89	35887.11	39464.67	17072.0	20006.45	38854.11
262	MSP: L-Glutamic acid; GC-EI-TOF; MS; 3 TMS; BP	C5H9NO4	OC(=O)CC[C@H](N)C(O)=O		L-Glutamic acid; GC-EI-TOF; MS; 3 TMS; BP	147.053157768				73.0			MSP	MSP	86.5							803321.3	452110.2	734518.7	507164.9	517591.1	487618.7
263										162.0			MSP	MSP								6176.667	4375.222	5568.667	4164.444	4254.556	4467.889
264	MSP: L-Glutamic acid; GC-EI-TOF; MS; 3 TMS; BP	C5H9NO4	OC(=O)CC[C@H](N)C(O)=O		L-Glutamic acid; GC-EI-TOF; MS; 3 TMS; BP	147.053157768				246.0			MSP	MSP	83.0							91706.78	66711.45	82395.34	317.3333	57741.11	60780.45
265										331.0			MSP	MSP								1458.111	1264.0	1470.556	143.1111	186.2222	1044.444
266										100.0			MSP	MSP								3837.111	2619.556	3558.444	1830.889	1270.333	2127.222
267										73.0			MSP	MSP								358221.0	173580.7	385685.4	220264.1	240012.1	276010.1
268										328.0			MSP	MSP								16416.11	10609.78	17456.89	4104.667	4796.0	155.1111
269										229.0			MSP	MSP								14607.22	10672.44	14332.0	9001.333	10146.0	14834.22
270										227.0			MSP	MSP								2001.222	1485.889	1975.778	1392.333	1368.111	1898.444
271										333.0			MSP	MSP								1579.667	269.1111	2159.333	1272.0	1586.333	288.1111
272	MSP: L-(-)-Phenylalanine; GC-EI-TOF; MS; 2 TMS; BP	C9H11NO2	OC(=O)C([H])(N)Cc(c1)cccc1		L-(-)-Phenylalanine; GC-EI-TOF; MS; 2 TMS; BP	165.078978592				73.0			MSP	MSP	83.3							75528.45	41788.67	80270.34	35573.22	39764.45	64667.33
273	MSP: L-(-)-Phenylalanine; GC-EI-TOF; MS; 2 TMS; BP	C9H11NO2	OC(=O)C([H])(N)Cc(c1)cccc1		L-(-)-Phenylalanine; GC-EI-TOF; MS; 2 TMS; BP	165.078978592				140.0			MSP	MSP	86.1							46477.22	40556.22	43557.55	12975.22	15148.56	15422.89
274	MSP: L-(-)-Phenylalanine; GC-EI-TOF; MS; 2 TMS; BP	C9H11NO2	OC(=O)C([H])(N)Cc(c1)cccc1		L-(-)-Phenylalanine; GC-EI-TOF; MS; 2 TMS; BP	165.078978592				218.0			MSP	MSP	70.7							9693.333	3149.556	5318.889	2408.778	3098.444	3094.889
275	MSP: D-(-)-Penicillamine; GC-EI-TOF; MS; 3 TMS; BP	C5H11NO2S	OC(=O)[C@H](N)C(C)(C)S		D-(-)-Penicillamine; GC-EI-TOF; MS; 3 TMS; BP	149.051049592				73.0			MSP	MSP	74.3							192306.4	95501.11	217243.6	107082.0	136193.2	129382.6
276										217.0			MSP	MSP								10333.44	6552.778	11554.67	2863.111	3513.667	3566.889
277										103.0			MSP	MSP								12322.22	7287.889	12476.33	5648.778	6352.778	6811.778
278	MSP: D-(-)-Ribose; GC-EI-TOF; MS; 4 TMS; 1 MEOX; BP	C5H10O5	OC[C@@H](O1)[C@@H](O)[C@@H](O)C(O)1		D-(-)-Ribose; GC-EI-TOF; MS; 4 TMS; 1 MEOX; BP	150.05282342				103.0			MSP	MSP	78.6							4253.667	2735.0	4500.667	2054.556	1959.333	2952.222
279										75.0			MSP	MSP								6166.333	3708.556	5609.111	3215.333	3967.333	5533.889
280	MSP: beta-Ketoadipic acid; GC-EI-TOF; MS; 2 TMS; 1 MEOX; BP	C6H8O5	OC(=O)CCC(=O)CC(O)=O		beta-Ketoadipic acid; GC-EI-TOF; MS; 2 TMS; 1 MEOX; BP	160.037173356				73.0			MSP	MSP	86.6							38105.55	23110.0	38257.89	15543.78	16622.67	26797.67
281										117.0			MSP	MSP								5172.0	3598.556	5789.667	313.6667	388.0	5943.0
282	MSP: L-Asparagine; GC-EI-TOF; MS; 3 TMS; BP	C4H8N2O3	NC(=O)C[C@@H](N)C(O)=O		L-Asparagine; GC-EI-TOF; MS; 3 TMS; BP	132.053492116				73.0			MSP	MSP	99.5							367361.9	231641.0	333674.1	184668.3	232345.7	312585.0
283	MSP: L-Asparagine; GC-EI-TOF; MS; 3 TMS; BP	C4H8N2O3	NC(=O)C[C@@H](N)C(O)=O		L-Asparagine; GC-EI-TOF; MS; 3 TMS; BP	132.053492116				73.0			MSP	MSP	98.7							367361.9	231641.0	333674.1	184668.3	232345.7	312585.0
284										217.0			MSP	MSP								2123.0	1282.778	1965.444	88.66666	104.4444	102.6667
285	MSP: D-(-)-Ribose; GC-EI-TOF; MS; 4 TMS; 1 MEOX; BP	C5H10O5	OC[C@@H](O1)[C@@H](O)[C@@H](O)C(O)1		D-(-)-Ribose; GC-EI-TOF; MS; 4 TMS; 1 MEOX; BP	150.05282342				73.0			MSP	MSP	87.7							15166.11	9712.444	15500.11	5912.889	6797.889	8482.667
286										103.0			MSP	MSP								2948.111	1855.111	2707.778	181.8889	259.6667	1845.556
287	MSP: 2-Coumaric acid; GC-EI-TOF; MS; 2 TMS; BP	C9H8O3	OC(=O)C=Cc(c1)c(O)ccc1		2-Coumaric acid; GC-EI-TOF; MS; 2 TMS; BP	164.047344116				73.0			MSP	MSP	76.9							62409.11	32276.0	59778.0	13412.78	14121.67	26517.0
288										103.0			MSP	MSP								4685.222	2867.778	4883.0	678.1111	384.5555	4114.333
289										117.0			MSP	MSP								2083.889	1136.556	1859.111	714.4445	830.5555	980.3333
290										243.0			MSP	MSP								11512.78	7642.778	11292.0	2726.333	142.6667	211.4444
291	MSP: 2-Coumaric acid; GC-EI-TOF; MS; 2 TMS; BP	C9H8O3	OC(=O)C=Cc(c1)c(O)ccc1		2-Coumaric acid; GC-EI-TOF; MS; 2 TMS; BP	164.047344116				73.0			MSP	MSP	76.0							62409.11	32276.0	59778.0	13412.78	20733.0	34130.33
292										133.0			MSP	MSP								5017.222	3442.667	5538.778	2074.556	2070.0	2720.111
293										89.0			MSP	MSP								4154.222	2477.222	4490.667	2823.889	33886.33	4206.667
294										84.0			MSP	MSP								1952.667	455.6667	2350.333	1976.333	1913.667	2445.778
295										193.0			MSP	MSP								93.77778	149.7778	97.0	58522.22	59623.78	78231.78
296										133.0			MSP	MSP								9778.0	6650.222	11049.67	3530.444	3884.111	5557.0
297										200.0			MSP	MSP								1200.889	792.0	1482.111	197.6667	138.1111	1576.222
298	MSP: Ribitol; GC-EI-TOF; MS; 5 TMS; BP	C5H12O5	OCC([H])(O)C([H])(O)C([H])(O)CO		Ribitol; GC-EI-TOF; MS; 5 TMS; BP	152.068473484				73.0			MSP	MSP	80.6							55560.67	32347.0	62736.67	21759.89	21901.22	33739.33
299	MSP: Ribitol; GC-EI-TOF; MS; 5 TMS; BP	C5H12O5	OCC([H])(O)C([H])(O)C([H])(O)CO		Ribitol; GC-EI-TOF; MS; 5 TMS; BP	152.068473484				204.0			MSP	MSP	70.8							1465.333	1186.667	1339.444	243.4444	392.6667	353.1111
300										117.0			MSP	MSP								4879.0	2482.667	5427.444	2520.444	2570.778	3032.0
301	MSP: Ribitol; GC-EI-TOF; MS; 5 TMS; BP	C5H12O5	OCC([H])(O)C([H])(O)C([H])(O)CO		Ribitol; GC-EI-TOF; MS; 5 TMS; BP	152.068473484				129.0			MSP	MSP	77.6							2533.778	579.5555	2684.778	840.8889	1271.889	906.0
302	MSP: Ribitol; GC-EI-TOF; MS; 5 TMS; BP	C5H12O5	OCC([H])(O)C([H])(O)C([H])(O)CO		Ribitol; GC-EI-TOF; MS; 5 TMS; BP	152.068473484				73.0			MSP	MSP	96.2							50651.55	27147.33	51291.55	21477.0	18913.33	31314.67
303	MSP: Ribitol; GC-EI-TOF; MS; 5 TMS; BP	C5H12O5	OCC([H])(O)C([H])(O)C([H])(O)CO		Ribitol; GC-EI-TOF; MS; 5 TMS; BP	152.068473484				133.0			MSP	MSP	72.9							4246.111	2596.111	4610.111	1522.667	1338.889	2172.111
304	MSP: N-Acetylputrescine; GC-EI-TOF; MS; 2 TMS; BP	C6H14N2O	NCCCCNC(C)=O		N-Acetylputrescine; GC-EI-TOF; MS; 2 TMS; BP	130.110613068				73.0			MSP	MSP	78.8							198936.1	27147.33	48091.78	37809.45	43071.78	58648.45
305	MSP: Ribitol; GC-EI-TOF; MS; 5 TMS; BP	C5H12O5	OCC([H])(O)C([H])(O)C([H])(O)CO		Ribitol; GC-EI-TOF; MS; 5 TMS; BP	152.068473484				147.0			MSP	MSP	73.8							15195.56	10711.44	15335.89	3735.667	4685.889	6939.222
306										227.0			MSP	MSP								2741.889	166.7778	2520.0	969.2222	1159.333	1611.0
307										128.0			MSP	MSP								2017.778	1670.889	1885.111	787.2222	969.8889	1424.333
308										156.0			MSP	MSP								2310.444	2207.778	2006.889	211.4444	1238.889	1632.667
309	MSP: rac-Glycerol 3-phosphoate; GC-EI-TOF; MS; 4 TMS; BP	C3H9O6P	OCC(O)COP(O)(O)=O		rac-Glycerol 3-phosphoate; GC-EI-TOF; MS; 4 TMS; BP	172.013674638				73.0			MSP	MSP	75.8							46535.33	27597.78	48811.78	6100.778	7424.222	9405.667
310	MSP: N-Acetylputrescine; GC-EI-TOF; MS; 2 TMS; BP	C6H14N2O	NCCCCNC(C)=O		N-Acetylputrescine; GC-EI-TOF; MS; 2 TMS; BP	130.110613068				73.0			MSP	MSP	72.3							46535.33	27597.78	48811.78	52326.33	57163.11	75831.66
311	MSP: Ribitol; GC-EI-TOF; MS; 5 TMS; BP	C5H12O5	OCC([H])(O)C([H])(O)C([H])(O)CO		Ribitol; GC-EI-TOF; MS; 5 TMS; BP	152.068473484				73.0			MSP	MSP	93.4							75616.78	42489.55	86178.0	52123.67	57216.33	75830.45
312										91.0			MSP	MSP								671.0	182.3333	372.1111	1302.0	1466.444	1888.889
313	MSP: Putrescine; GC-EI-TOF; MS; 4 TMS; BP	C4H12N2	NCCCCN		Putrescine; GC-EI-TOF; MS; 4 TMS; BP	88.100048384				73.0			MSP	MSP	72.3							1312229.0	806713.4	1321755.0	1052503.0	1104448.0	1052581.0
314	MSP: Putrescine; GC-EI-TOF; MS; 4 TMS; BP	C4H12N2	NCCCCN		Putrescine; GC-EI-TOF; MS; 4 TMS; BP	88.100048384				174.0			MSP	MSP	92.8							1024935.0	702320.1	1024087.0	798274.9	846914.8	947553.3
315	MSP: 6-Aminohexanoic acid; GC-EI-TOF; MS; 3 TMS; BP	C6H13NO2	NCCCCCC(O)=O		6-Aminohexanoic acid; GC-EI-TOF; MS; 3 TMS; BP	131.094628656				84.0			MSP	MSP	91.8							12649.89	6714.667	12533.11	8025.111	8602.556	8450.444
316										172.0			MSP	MSP								25588.22	17144.11	25576.0	18843.33	20032.89	22222.22
317	MSP: rac-Glycerol 3-phosphoate; GC-EI-TOF; MS; 4 TMS; BP	C3H9O6P	OCC(O)COP(O)(O)=O		rac-Glycerol 3-phosphoate; GC-EI-TOF; MS; 4 TMS; BP	172.013674638				73.0			MSP	MSP	78.9							1307567.0	806713.4	1321755.0	1052503.0	1104448.0	1053313.0
318	MSP: rac-Glycerol 3-phosphoate; GC-EI-TOF; MS; 4 TMS; BP	C3H9O6P	OCC(O)COP(O)(O)=O		rac-Glycerol 3-phosphoate; GC-EI-TOF; MS; 4 TMS; BP	172.013674638				89.0			MSP	MSP	76.3							48117.55	26757.78	48960.45	12730.11	14053.78	16213.11
319										69.0			MSP	MSP								6436.889	3830.889	6542.667	1064.222	1198.0	1709.556
320	MSP: Putrescine; GC-EI-TOF; MS; 4 TMS; BP	C4H12N2	NCCCCN		Putrescine; GC-EI-TOF; MS; 4 TMS; BP	88.100048384				79.0			MSP	MSP	82.7							6354.333	6555.111	8370.223	5821.0	5047.0	12590.89
321	MSP: N-Acetylputrescine; GC-EI-TOF; MS; 2 TMS; BP	C6H14N2O	NCCCCNC(C)=O		N-Acetylputrescine; GC-EI-TOF; MS; 2 TMS; BP	130.110613068				357.0			MSP	MSP	88.9							11956.11	10878.33	12458.0	8344.111	9973.556	9729.223
322	MSP: rac-Glycerol 3-phosphoate; GC-EI-TOF; MS; 4 TMS; BP	C3H9O6P	OCC(O)COP(O)(O)=O		rac-Glycerol 3-phosphoate; GC-EI-TOF; MS; 4 TMS; BP	172.013674638				299.0			MSP	MSP	76.9							19524.33	17278.67	20275.33	13666.89	16591.33	16042.33
323	MSP: rac-Glycerol 3-phosphoate; GC-EI-TOF; MS; 4 TMS; BP	C3H9O6P	OCC(O)COP(O)(O)=O		rac-Glycerol 3-phosphoate; GC-EI-TOF; MS; 4 TMS; BP	172.013674638				101.0			MSP	MSP	84.9							42468.0	25848.55	2392.667	1744.333	1198.667	34101.22
324										129.0			MSP	MSP								3651.0	2587.667	3570.667	2506.556	2859.889	3572.667
325	MSP: Ribitol; GC-EI-TOF; MS; 5 TMS; BP	C5H12O5	OCC([H])(O)C([H])(O)C([H])(O)CO		Ribitol; GC-EI-TOF; MS; 5 TMS; BP	152.068473484				73.0			MSP	MSP	84.8							131496.2	73789.0	126212.1	77009.11	86904.0	123853.7
326										89.0			MSP	MSP								5851.556	3558.889	5942.0	3863.556	3542.889	5766.444
327	MSP: L-Glutamine; GC-EI-TOF; MS; 3 TMS; BP	C5H10N2O3	NC(=O)CC[C@H](N)C(O)=O		L-Glutamine; GC-EI-TOF; MS; 3 TMS; BP	146.06914218				73.0			MSP	MSP	98.7							373527.9	254133.4	317016.3	101019.7	117262.9	181585.9
328	MSP: L-Glutamine; GC-EI-TOF; MS; 3 TMS; BP	C5H10N2O3	NC(=O)CC[C@H](N)C(O)=O		L-Glutamine; GC-EI-TOF; MS; 3 TMS; BP	146.06914218				89.0			MSP	MSP	87.7							6185.667	3804.667	5896.889	1858.889	1991.222	3223.444
329	MSP: 5-Aminolevulinic acid; GC-EI-TOF; MS; 3 TMS; 1 MEOX; BP	C5H9NO3	NCC(=O)CCC(O)=O		5-Aminolevulinic acid; GC-EI-TOF; MS; 3 TMS; 1 MEOX; BP	131.058243148				73.0			MSP	MSP	77.7							84526.11	53828.22	85261.22	30859.33	38257.11	42442.0
330										100.0			MSP	MSP								6007.222	5534.667	6681.889	4401.667	5298.556	6003.111
331										174.0			MSP	MSP								2891.222	3475.444	4031.889	600.0	608.6667	909.7778
332										114.0			MSP	MSP								2647.111	2476.667	2705.667	183.8889	161.2222	130.8889
333	MSP: (-)-Shikimic acid; GC-EI-TOF; MS; 4 TMS; BP	C7H10O5	OC(=O)C(C1)=CC([H])(O)C([H])(O)C([H])(O)1		(-)-Shikimic acid; GC-EI-TOF; MS; 4 TMS; BP	174.05282342				204.0			MSP	MSP	70.1							7971.889	259.7778	8086.556	4016.778	4567.778	5336.444
334	MSP: (-)-Shikimic acid; GC-EI-TOF; MS; 4 TMS; BP	C7H10O5	OC(=O)C(C1)=CC([H])(O)C([H])(O)C([H])(O)1		(-)-Shikimic acid; GC-EI-TOF; MS; 4 TMS; BP	174.05282342				73.0			MSP	MSP	90.5							36489.33	21878.45	38167.45	18793.45	19831.89	23256.67
335										250.0			MSP	MSP								1377.0	1117.222	2038.778	124.3333	98.55556	128.4444
336										103.0			MSP	MSP								1893.889	1222.556	1685.0	1708.778	1886.0	1895.667
337	MSP: Citric acid; GC-EI-TOF; MS; 4 TMS; BP	C6H8O7	OC(=O)CC(O)(CC(O)=O)C(O)=O		Citric acid; GC-EI-TOF; MS; 4 TMS; BP	192.027002596				73.0			MSP	MSP	96.0							80819.11	44144.33	88421.0	29662.45	24690.22	25562.67
338	MSP: L-Ornithine; GC-EI-TOF; MS; 2 TMS; BP	C5H12N2O2	NCCC[C@H](N)C(O)=O		L-Ornithine; GC-EI-TOF; MS; 2 TMS; BP	132.089877624				73.0			MSP	MSP	98.9							251084.8	134218.9	271019.2	46191.67	63838.0	117779.9
339	MSP: L-(+)-Arginine; GC-EI-TOF; MS; 3 TMS; BP	C6H14N4O2	NC(=N)NCCC[C@H](N)C(O)=O		L-(+)-Arginine; GC-EI-TOF; MS; 3 TMS; BP	174.111675688				73.0			MSP	MSP	95.4							94163.89	50261.11	86854.89	24668.67	23744.89	57863.89
340	MSP: Uridine 5'-diphospho-N-acetylglucosamine; GC-EI-TOF; MS; n TMS; BP	C17H27N3O17P2	OCC(O1)C(O)C(O)C(NC(C)=O)C1OP(O)(=O)OP(O)(=O)OCC(O2)C(O)C(O)C2N(C=3)C(=O)NC(=O)C3		Uridine 5'-diphospho-N-acetylglucosamine; GC-EI-TOF; MS; n TMS; BP	607.081569664				73.0			MSP	MSP	83.3							94163.89	50261.11	86854.89	16028.22	17986.89	57863.89
341	MSP: Uridine 5'-diphospho-N-acetylglucosamine; GC-EI-TOF; MS; n TMS; BP	C17H27N3O17P2	OCC(O1)C(O)C(O)C(NC(C)=O)C1OP(O)(=O)OP(O)(=O)OCC(O2)C(O)C(O)C2N(C=3)C(=O)NC(=O)C3		Uridine 5'-diphospho-N-acetylglucosamine; GC-EI-TOF; MS; n TMS; BP	607.081569664				73.0			MSP	MSP	86.4							46847.78	25078.55	44481.11	16028.22	17986.89	20990.11
342										103.0			MSP	MSP								3451.0	2102.889	3490.889	1791.111	147.4444	305.0
343	MSP: S-Carboxymethyl-L-cysteine; GC-EI-TOF; MS; n TMS; BP	C5H9NO4S	OC(=O)C(N)CSCC(O)=O		S-Carboxymethyl-L-cysteine; GC-EI-TOF; MS; n TMS; BP	179.025228768				73.0			MSP	MSP	77.0							12856.22	7533.778	16820.78	7932.556	9564.889	13942.11
344										147.0			MSP	MSP								2027.889	172.6667	2535.222	918.7778	533.0	918.8889
345	MSP: Uridine 5'-diphospho-N-acetylglucosamine; GC-EI-TOF; MS; n TMS; BP	C17H27N3O17P2	OCC(O1)C(O)C(O)C(NC(C)=O)C1OP(O)(=O)OP(O)(=O)OCC(O2)C(O)C(O)C2N(C=3)C(=O)NC(=O)C3		Uridine 5'-diphospho-N-acetylglucosamine; GC-EI-TOF; MS; n TMS; BP	607.081569664				103.0			MSP	MSP	75.3							3665.889	2212.556	3856.222	1922.889	1958.556	2555.0
346										70.0			MSP	MSP								5922.444	4398.111	5603.333	2150.778	2314.667	4129.333
347	MSP: L-Ascorbic acid; GC-EI-TOF; MS; 4 TMS; BP	C6H8O6	OC[C@H](O)[C@@H](O1)C(O)=C(O)C(=O)1		L-Ascorbic acid; GC-EI-TOF; MS; 4 TMS; BP	176.032087976				73.0			MSP	MSP	76.9							15608.56	9232.777	16467.89	5038.0	4003.889	427001.9
348										79.0			MSP	MSP								6718.333	1543.444	7327.333	4168.667	3359.667	7073.222
349										95.0			MSP	MSP								8148.111	5377.778	8431.777	5624.111	6622.444	9522.0
350	MSP: L-Ascorbic acid; GC-EI-TOF; MS; 4 TMS; BP	C6H8O6	OC[C@H](O)[C@@H](O1)C(O)=C(O)C(=O)1		L-Ascorbic acid; GC-EI-TOF; MS; 4 TMS; BP	176.032087976				173.0			MSP	MSP	83.0							3507.222	3214.111	170.5556	7460.222	13220.78	4342.333
351										157.0			MSP	MSP								3498.667	2926.0	5274.778	640.0	13253.11	649.4445
352										75.0			MSP	MSP								527835.0	285079.2	592857.4	334561.3	354761.3	466557.8
353										128.0			MSP	MSP								1812.778	1321.667	1964.111	821.0	362.8889	1869.444
354										191.0			MSP	MSP								4201.556	2123.0	4282.667	2560.444	2499.0	3992.444
355	MSP: D-(-)-Fructose; GC-EI-TOF; MS; 5 TMS; 1 MEOX; BP	C6H12O6	OC[C@@H](O1)[C@@H](O)[C@H](O)C(O)(CO)1		D-(-)-Fructose; GC-EI-TOF; MS; 5 TMS; 1 MEOX; BP	180.063388104				73.0			MSP	MSP	95.4							390836.3	198195.2	390427.1	148477.0	172636.3	445976.3
356										275.0			MSP	MSP								2129.667	180.3333	2188.778	914.3333	922.1111	1504.556
357	MSP: D-(-)-Fructose; GC-EI-TOF; MS; 5 TMS; 1 MEOX; BP	C6H12O6	OC[C@@H](O1)[C@@H](O)[C@H](O)C(O)(CO)1		D-(-)-Fructose; GC-EI-TOF; MS; 5 TMS; 1 MEOX; BP	180.063388104				157.0			MSP	MSP	92.3							3535.444	2261.667	3519.667	1937.0	610.8889	2892.667
358	MSP: D-(-)-Fructose; GC-EI-TOF; MS; 5 TMS; 1 MEOX; BP	C6H12O6	OC[C@@H](O1)[C@@H](O)[C@H](O)C(O)(CO)1		D-(-)-Fructose; GC-EI-TOF; MS; 5 TMS; 1 MEOX; BP	180.063388104				73.0			MSP	MSP	94.2							393402.7	203025.1	388445.0	148477.0	175997.7	447501.7
359	MSP: D-(-)-Fructose; GC-EI-TOF; MS; 5 TMS; 1 MEOX; BP	C6H12O6	OC[C@@H](O1)[C@@H](O)[C@H](O)C(O)(CO)1		D-(-)-Fructose; GC-EI-TOF; MS; 5 TMS; 1 MEOX; BP	180.063388104				117.0			MSP	MSP	91.5							21006.55	12300.33	21009.0	1483.444	10540.67	2442.111
360	MSP: D-(-)-Fructose; GC-EI-TOF; MS; 5 TMS; 1 MEOX; BP	C6H12O6	OC[C@@H](O1)[C@@H](O)[C@H](O)C(O)(CO)1		D-(-)-Fructose; GC-EI-TOF; MS; 5 TMS; 1 MEOX; BP	180.063388104				73.0			MSP	MSP	89.8							393402.7	205645.9	390427.1	43597.33	51186.45	57031.89
361										205.0			MSP	MSP								9273.667	6163.333	8966.667	597.0	773.4445	1326.889
362										188.0			MSP	MSP								6638.222	3794.111	7537.0	2379.111	3332.889	7473.444
363										81.0			MSP	MSP								2227.667	738.3333	2411.778	1370.0	1684.0	2496.778
364										82.0			MSP	MSP								2440.111	1574.556	2604.444	458.1111	442.5555	638.5555
365	MSP: L-Ascorbic acid; GC-EI-TOF; MS; 4 TMS; BP	C6H8O6	OC[C@H](O)[C@@H](O1)C(O)=C(O)C(=O)1		L-Ascorbic acid; GC-EI-TOF; MS; 4 TMS; BP	176.032087976				73.0			MSP	MSP	82.7							50666.89	28413.22	57091.45	39211.78	49357.67	54323.67
366										129.0			MSP	MSP								3105.111	2423.556	3822.556	3121.556	4023.778	4395.556
367										79.0			MSP	MSP								8116.0	850.0	9459.223	4842.778	3846.333	1777.778
368										172.0			MSP	MSP								6068.444	267.3333	6230.0	5373.0	5535.111	5312.111
369	MSP: D-(+)-Mannose; GC-EI-TOF; MS; 5 TMS; 1 MEOX; BP	C6H12O6	OCC(O1)C(O)C(O)C(O)C(O)1		D-(+)-Mannose; GC-EI-TOF; MS; 5 TMS; 1 MEOX; BP	180.063388104				73.0			MSP	MSP	85.0							1670740.0	1457568.0	1669964.0	1771663.0	1893040.0	1759610.0
370	MSP: L-Ascorbic acid; GC-EI-TOF; MS; 4 TMS; BP	C6H8O6	OC[C@H](O)[C@@H](O1)C(O)=C(O)C(=O)1		L-Ascorbic acid; GC-EI-TOF; MS; 4 TMS; BP	176.032087976				133.0			MSP	MSP	75.2							117849.7	90907.0	117767.0	104547.6	111918.3	15061.33
371	MSP: L-Ascorbic acid; GC-EI-TOF; MS; 4 TMS; BP	C6H8O6	OC[C@H](O)[C@@H](O1)C(O)=C(O)C(=O)1		L-Ascorbic acid; GC-EI-TOF; MS; 4 TMS; BP	176.032087976				73.0			MSP	MSP	81.5							1693681.0	1461626.0	1722016.0	115233.6	1891812.0	1758779.0
372										75.0			MSP	MSP								130688.1	109995.0	135456.7	23793.11	148308.1	127788.2
373										163.0			MSP	MSP								35116.22	26475.55	35382.67	2474.0	2304.889	3719.333
374	MSP: L-Iditol; GC-EI-TOF; MS; n TMS; BP	C6H14O6	OC[C@H](O)[C@@H](O)[C@H](O)[C@@H](O)CO		L-Iditol; GC-EI-TOF; MS; n TMS; BP	182.079038168				147.0			MSP	MSP	79.1							465615.0	352721.1	469467.3	27169.45	24579.11	448461.3
375										66.0			MSP	MSP								9288.777	7408.556	9960.556	1129.0	1220.111	2189.556
376	MSP: L-Ascorbic acid; GC-EI-TOF; MS; 4 TMS; BP	C6H8O6	OC[C@H](O)[C@@H](O1)C(O)=C(O)C(=O)1		L-Ascorbic acid; GC-EI-TOF; MS; 4 TMS; BP	176.032087976				133.0			MSP	MSP	80.8							117673.4	90907.0	18391.22	9185.777	9563.223	15143.22
377	MSP: L-Iditol; GC-EI-TOF; MS; n TMS; BP	C6H14O6	OC[C@H](O)[C@@H](O)[C@H](O)[C@@H](O)CO		L-Iditol; GC-EI-TOF; MS; n TMS; BP	182.079038168				205.0			MSP	MSP	83.4							16301.44	10859.67	14572.44	4584.444	4781.0	11270.78
378										213.0			MSP	MSP								1337.778	92.88889	1091.222	750.6667	977.1111	308.2222
379	MSP: 3-Indoleacetonitrile; GC-EI-TOF; MS; 1 TMS; BP	C10H7N2	N#CCc(c1)c(c2)c(ccc2)n1		3-Indoleacetonitrile; GC-EI-TOF; MS; 1 TMS; BP	155.060923224				117.0			MSP	MSP	82.5							578.8889	367.0	558.7778	37702.22	472.8889	606.8889
380	MSP: 3-Indoleacetonitrile; GC-EI-TOF; MS; 1 TMS; BP	C10H7N2	N#CCc(c1)c(c2)c(ccc2)n1		3-Indoleacetonitrile; GC-EI-TOF; MS; 1 TMS; BP	155.060923224				228.0			MSP	MSP	75.5							2198.778	2258.889	1857.444	297.8889	373.0	406.7778
381	MSP: beta-D-(+)-Glucose; GC-EI-TOF; MS; 5 TMS; 1 MEOX; BP	C6H12O6	OCC(O1)C(O)C(O)C(O)C(O)1		beta-D-(+)-Glucose; GC-EI-TOF; MS; 5 TMS; 1 MEOX; BP	180.063388104				117.0			MSP	MSP	83.7							40602.89	620.8889	38864.45	37702.22	35597.89	56399.22
382										104.0			MSP	MSP								771.8889	638.1111	53740.33	33760.89	35784.22	49489.45
383										244.0			MSP	MSP								11071.78	8387.889	10113.78	12021.0	10877.0	16712.78
384	MSP: L-Iditol; GC-EI-TOF; MS; n TMS; BP	C6H14O6	OC[C@H](O)[C@@H](O)[C@H](O)[C@@H](O)CO		L-Iditol; GC-EI-TOF; MS; n TMS; BP	182.079038168				73.0			MSP	MSP	80.4							643381.0	345005.9	646825.4	383367.0	397067.7	636362.4
385	MSP: L-Iditol; GC-EI-TOF; MS; n TMS; BP	C6H14O6	OC[C@H](O)[C@@H](O)[C@H](O)[C@@H](O)CO		L-Iditol; GC-EI-TOF; MS; n TMS; BP	182.079038168				73.0			MSP	MSP	81.1							644381.6	345005.9	647795.7	148910.1	149908.4	216907.1
386	MSP: L-Iditol; GC-EI-TOF; MS; n TMS; BP	C6H14O6	OC[C@H](O)[C@@H](O)[C@H](O)[C@@H](O)CO		L-Iditol; GC-EI-TOF; MS; n TMS; BP	182.079038168				154.0			MSP	MSP	74.7							1675.667	1621.0	1419.778	576.6667	766.4445	1068.0
387	MSP: Tyramine; GC-EI-TOF; MS; 3 TMS; BP	C8H11NO	NCCc(c1)ccc(O)c1		Tyramine; GC-EI-TOF; MS; 3 TMS; BP	137.084063972				118.0			MSP	MSP	73.6							2821.556	1596.111	2715.556	1181.333	100.3333	169.7778
388	MSP: Tyramine; GC-EI-TOF; MS; 3 TMS; BP	C8H11NO	NCCc(c1)ccc(O)c1		Tyramine; GC-EI-TOF; MS; 3 TMS; BP	137.084063972				174.0			MSP	MSP	84.7							5665.111	3899.222	5714.667	2772.889	3902.667	6374.778
389										161.0			MSP	MSP								2707.222	1850.889	2716.111	3545.111	3583.556	5282.333
390	MSP: D-(+)-Galactosamine; GC-EI-TOF; MS; 5 TMS; BP	C6H13NO5	OC[C@@H](O1)[C@H](O)[C@H](O)[C@@H](N)C(O)1		D-(+)-Galactosamine; GC-EI-TOF; MS; 5 TMS; BP	179.079372516				73.0			MSP	MSP	81.0							257884.7	149029.3	261904.4	316569.4	292291.9	483540.6
391	MSP: D-(+)-Galacturonic acid; GC-EI-TOF; MS; 5 TMS; BP	C6H10O7	OC(=O)[C@@H](O1)[C@H](O)[C@H](O)[C@@H](O)C(O)1		D-(+)-Galacturonic acid; GC-EI-TOF; MS; 5 TMS; BP	194.04265266				204.0			MSP	MSP	75.5							10541.33	7635.0	10341.78	269.5555	313.1111	373.8889
392	MSP: L-Tyrosine; GC-EI-TOF; MS; 3 TMS; BP	C9H11NO3	OC(=O)C(N)Cc(c1)ccc(O)c1		L-Tyrosine; GC-EI-TOF; MS; 3 TMS; BP	181.073893212				140.0			MSP	MSP	82.0							3987.0	2661.556	3761.222	1720.778	1661.556	2020.556
393	MSP: L-Tyrosine; GC-EI-TOF; MS; 3 TMS; BP	C9H11NO3	OC(=O)C(N)Cc(c1)ccc(O)c1		L-Tyrosine; GC-EI-TOF; MS; 3 TMS; BP	181.073893212				74.0			MSP	MSP	92.0							4111.111	2197.111	3666.333	2556.778	5098.111	3157.111
394										86.0			MSP	MSP								650.4445	387.0	619.3333	177.6667	272.6667	402.3333
395	MSP: L-Tyrosine; GC-EI-TOF; MS; 3 TMS; BP	C9H11NO3	OC(=O)C(N)Cc(c1)ccc(O)c1		L-Tyrosine; GC-EI-TOF; MS; 3 TMS; BP	181.073893212				73.0			MSP	MSP	80.6							36059.67	19785.45	34058.33	8655.111	12219.22	11589.22
396										70.0			MSP	MSP								1890.0	1087.0	2090.0	429.8889	460.2222	416.7778
397										129.0			MSP	MSP								1896.444	400.8889	2099.0	1065.889	584.1111	2317.778
398	MSP: D-(+)-Galactosamine; GC-EI-TOF; MS; 5 TMS; BP	C6H13NO5	OC[C@@H](O1)[C@H](O)[C@H](O)[C@@H](N)C(O)1		D-(+)-Galactosamine; GC-EI-TOF; MS; 5 TMS; BP	179.079372516				73.0			MSP	MSP	85.5							22704.45	15921.0	31953.45	12693.22	14472.11	23693.0
399	MSP: D-(+)-Galactosamine; GC-EI-TOF; MS; 5 TMS; BP	C6H13NO5	OC[C@@H](O1)[C@H](O)[C@H](O)[C@@H](N)C(O)1		D-(+)-Galactosamine; GC-EI-TOF; MS; 5 TMS; BP	179.079372516				73.0			MSP	MSP	80.1							22704.45	7528.444	31953.45	12693.22	14472.11	23693.0
400										204.0			MSP	MSP								2600.778	2201.889	3384.667	1376.778	1653.444	2370.333
401										191.0			MSP	MSP								2019.556	1571.444	2305.889	145.8889	131.3333	171.2222
402										149.0			MSP	MSP								5145.889	3836.778	5757.111	1563.556	1426.111	1935.667
403	MSP: (+)-pantothenic acid; GC-EI-TOF; MS; n TMS; BP	C9H16NO5	OCC(C)(C)C(O)C(=O)NCCC([O-1])=O		(+)-pantothenic acid; GC-EI-TOF; MS; n TMS; BP	218.102847612				73.0			MSP	MSP	70.8							40310.11	22149.67	40728.78	13492.89	13907.33	22418.55
404										117.0			MSP	MSP								2109.0	572.3333	2000.667	318.5555	441.8889	524.1111
405										73.0			MSP	MSP								19651.55	8789.556	20954.33	5239.333	5684.889	11664.22
406										174.0			MSP	MSP								3226.556	2501.444	3387.222	140.4444	1310.889	968.3333
407										206.0			MSP	MSP								1224.889	841.6667	216.0	142.2222	127.2222	1096.0
408										75.0			MSP	MSP								1769.222	987.5555	2944.667	3105.889	3571.556	6159.0
409										79.0			MSP	MSP								3055.222	1446.444	3338.222	1586.556	1591.667	2006.0
410										117.0			MSP	MSP								2572.333	2041.222	2847.333	569.2222	924.0	823.7778
411										223.0			MSP	MSP								1224.0	1274.0	1628.111	121.7778	128.1111	136.5556
412	MSP: Palmitic acid; GC-EI-TOF; MS; 1 TMS; BP	C16H32O2	CCCCCCCCCCCCCCCC(O)=O		Palmitic acid; GC-EI-TOF; MS; 1 TMS; BP	256.240230264				75.0			MSP	MSP	77.5							460989.1	262245.7	502754.3	327103.1	360298.9	436466.8
413	MSP: Palmitic acid; GC-EI-TOF; MS; 1 TMS; BP	C16H32O2	CCCCCCCCCCCCCCCC(O)=O		Palmitic acid; GC-EI-TOF; MS; 1 TMS; BP	256.240230264				204.0			MSP	MSP	71.9							3936.333	3280.889	3857.444	3450.0	3693.0	3461.222
414	MSP: Sinapic acid; GC-EI-TOF; MS; 2 TMS; BP	C11H12O5	COc(c1)c(O)c(OC)cc(C=CC(O)=O)1		Sinapic acid; GC-EI-TOF; MS; 2 TMS; BP	224.068473484				73.0			MSP	MSP	89.3							236243.1	149889.9	233108.4	95052.45	115788.2	139978.4
415	MSP: N-Acetyl-D-glucosamine; GC-EI-TOF; MS; 4 TMS; BP	C8H15NO6	OC[C@@H](O1)[C@@H](O)[C@H](O)[C@@H](NC(C)=O)C(O)1		N-Acetyl-D-glucosamine; GC-EI-TOF; MS; 4 TMS; BP	221.0899372				73.0			MSP	MSP	89.6							236243.1	148183.0	230993.1	95189.45	114376.3	140766.1
416	MSP: Sinapic acid; GC-EI-TOF; MS; 2 TMS; BP	C11H12O5	COc(c1)c(O)c(OC)cc(C=CC(O)=O)1		Sinapic acid; GC-EI-TOF; MS; 2 TMS; BP	224.068473484				75.0			MSP	MSP	88.6							41803.55	24266.89	41409.22	24412.89	26769.67	38948.89
417	MSP: N-Acetyl-D-glucosamine; GC-EI-TOF; MS; 4 TMS; BP	C8H15NO6	OC[C@@H](O1)[C@@H](O)[C@H](O)[C@@H](NC(C)=O)C(O)1		N-Acetyl-D-glucosamine; GC-EI-TOF; MS; 4 TMS; BP	221.0899372				73.0			MSP	MSP	86.1							238215.9	8806.777	230993.1	96474.78	383323.8	142357.1
418	MSP: N-Acetyl-D-glucosamine; GC-EI-TOF; MS; 4 TMS; BP	C8H15NO6	OC[C@@H](O1)[C@@H](O)[C@H](O)[C@@H](NC(C)=O)C(O)1		N-Acetyl-D-glucosamine; GC-EI-TOF; MS; 4 TMS; BP	221.0899372				204.0			MSP	MSP	78.9							1688.667	1320.0	1862.333	1176.0	1204.222	1568.111
419	MSP: N-Acetyl-D-glucosamine; GC-EI-TOF; MS; 4 TMS; BP	C8H15NO6	OC[C@@H](O1)[C@@H](O)[C@H](O)[C@@H](NC(C)=O)C(O)1		N-Acetyl-D-glucosamine; GC-EI-TOF; MS; 4 TMS; BP	221.0899372				73.0			MSP	MSP	80.6							16008.33	11859.44	18314.78	2380.667	2189.556	4365.111
420										321.0			MSP	MSP								1588.333	1813.889	1825.111	949.3333	941.8889	961.4445
421	MSP: Myo-Inositol; GC-EI-TOF; MS; 6 TMS; BP	C6H12O6	O[C@H]([C@@H](O)1)[C@H](O)[C@@H](O)[C@@H](O)[C@@H](O)1		Myo-Inositol; GC-EI-TOF; MS; 6 TMS; BP	180.063388104				73.0			MSP	MSP	98.3							1266746.0	703737.8	1332319.0	425519.4	439806.2	492483.8
422										61.0			MSP	MSP								5893.111	3006.444	6034.0	322.2222	348.8889	312.3333
423	MSP: D-Ribose 5-phosphate; GC-EI-TOF; MS; 5 TMS; 1 MEOX; BP	C5H11O8P	OC(O1)[C@H](O)[C@H](O)[C@H]1COP(O)(O)=O		D-Ribose 5-phosphate; GC-EI-TOF; MS; 5 TMS; 1 MEOX; BP	230.019153942				73.0			MSP	MSP	81.2							145348.6	77070.22	150710.1	68135.89	66740.89	93573.11
424	MSP: N-Acetyl-D-glucosamine; GC-EI-TOF; MS; 4 TMS; BP	C8H15NO6	OC[C@@H](O1)[C@@H](O)[C@H](O)[C@@H](NC(C)=O)C(O)1		N-Acetyl-D-glucosamine; GC-EI-TOF; MS; 4 TMS; BP	221.0899372				73.0			MSP	MSP	92.3							145348.6	77070.22	150569.1	68135.89	66740.89	93573.11
425										75.0			MSP	MSP								11547.56	6355.556	12423.67	5643.778	6061.0	7430.222
426										204.0			MSP	MSP								4491.333	3525.778	4490.111	1986.667	2252.0	2013.333
427										73.0			MSP	MSP								23258.45	9519.667	23231.33	8358.0	11203.44	10576.78
428										101.0			MSP	MSP								4169.111	2838.889	4193.444	2234.556	2737.667	1590.889
429										75.0			MSP	MSP								5995.778	4242.222	6101.778	4269.333	4834.889	6341.111
430	MSP: Phytol,mixture of isomers; GC-EI-TOF; MS; 1 TMS; BP	C20H40O	OCC=C(C)CCC[C@H](C)CCC[C@H](C)CCCC(C)C		Phytol,mixture of isomers; GC-EI-TOF; MS; 1 TMS; BP	296.3079159				143.0			MSP	MSP	95.9							5853.667	4597.889	6046.333	4565.222	4987.111	6681.444
431	MSP: L(+)-Cystathionine; GC-EI-TOF; MS; 4 TMS; BP	C7H14N2O4S	OC(=O)[C@@H](N)CCSC[C@@H](N)C(O)=O		L(+)-Cystathionine; GC-EI-TOF; MS; 4 TMS; BP	222.067427928				73.0			MSP	MSP	76.0							21917.55	13801.33	22711.22	13833.78	12800.67	18039.89
432										147.0			MSP	MSP								3123.778	2339.111	3022.0	524.5555	541.2222	2705.222
433	MSP: Linolenic acid; GC-EI-TOF; MS; 1 TMS; BP	C18H30O2	CCC=CCC=CCC=CCCCCCCCC(O)=O		Linolenic acid; GC-EI-TOF; MS; 1 TMS; BP	278.2245802				79.0			MSP	MSP	80.8							7147.889	666.0	1276.667	21638.89	25020.11	8345.444
434	MSP: Linoleic acid; GC-EI-TOF; MS; 1 TMS; BP	C18H32O2	CCCCCC=CCC=CCCCCCCCC(O)=O		Linoleic acid; GC-EI-TOF; MS; 1 TMS; BP	280.240230264				75.0			MSP	MSP	83.3							17338.33	27617.0	18414.45	33098.0	16291.44	21354.55
435	MSP: Linolenic acid; GC-EI-TOF; MS; 1 TMS; BP	C18H30O2	CCC=CCC=CCC=CCCCCCCCC(O)=O		Linolenic acid; GC-EI-TOF; MS; 1 TMS; BP	278.2245802				75.0			MSP	MSP	98.9							39396.45	27754.0	42014.11	33098.0	37637.0	50460.33
436	MSP: L-Tryptophan; GC-EI-TOF; MS; 3 TMS; BP	C11H11N2O2	OC(=O)[C@H](N)Cc(c1)c(c2)c(ccc2)n1		L-Tryptophan; GC-EI-TOF; MS; 3 TMS; BP	203.082052592				202.0			MSP	MSP	83.6							1583.111	1552.222	1750.667	168.7778	1266.778	1591.222
437										69.0			MSP	MSP								610.3333	920.6667	786.7778	3288.444	4931.889	3514.444
438										145.0			MSP	MSP								2750.778	316.7778	3073.444	3918.889	5485.667	3423.889
439	MSP: Stearic acid; GC-EI-TOF; MS; 1 TMS; BP	C18H36O2	CCCCCCCCCCCCCCCCCC(O)=O		Stearic acid; GC-EI-TOF; MS; 1 TMS; BP	284.271530392				73.0			MSP	MSP	85.0							72330.11	50409.45	75877.11	60162.0	65289.22	69297.55
440	MSP: Sinapic acid; GC-EI-TOF; MS; 2 TMS; BP	C11H12O5	COc(c1)c(O)c(OC)cc(C=CC(O)=O)1		Sinapic acid; GC-EI-TOF; MS; 2 TMS; BP	224.068473484				338.0			MSP	MSP	95.6							12740.89	12486.22	12254.11	9898.111	9161.444	11676.67
441										131.0			MSP	MSP								3478.0	2949.333	3927.333	383.5555	327.3333	410.1111
442	MSP: Sinapic acid; GC-EI-TOF; MS; 2 TMS; BP	C11H12O5	COc(c1)c(O)c(OC)cc(C=CC(O)=O)1		Sinapic acid; GC-EI-TOF; MS; 2 TMS; BP	224.068473484				73.0			MSP	MSP	88.4							72197.22	50409.45	75812.11	60155.11	65725.22	70170.0
443										116.0			MSP	MSP								1256.222	152.2222	1211.889	2029.222	2439.444	2689.333
444										218.0			MSP	MSP								1584.111	1420.778	1724.778	205.5556	196.0	166.3333
445	MSP: Spermidine; GC-EI-TOF; MS; 5 TMS; BP	C7H19N3	NCCCCNCCCN		Spermidine; GC-EI-TOF; MS; 5 TMS; BP	145.157897608				73.0			MSP	MSP	98.9							13068.78	7883.556	12825.67	11401.89	13220.0	14798.56
446										249.0			MSP	MSP								1222.0	109.2222	1233.444	1306.556	949.7778	982.1111
447	MSP: D-Fructose 6-phosphate; GC-EI-TOF; MS; 6 TMS; 1 MEOX; BP	C6H13O9P	OC[C@@](O)(O1)[C@@H](O)[C@H](O)[C@@H](COP(O)(O)=O)1		D-Fructose 6-phosphate; GC-EI-TOF; MS; 6 TMS; 1 MEOX; BP	260.029718626				73.0			MSP	MSP	94.6							25949.11	15349.89	29237.33	19960.45	19668.45	27552.0
448										204.0			MSP	MSP								3421.0	123.8889	3495.667	2399.0	2176.333	4104.778
449	MSP: D-Fructose 6-phosphate; GC-EI-TOF; MS; 6 TMS; 1 MEOX; BP	C6H13O9P	OC[C@@](O)(O1)[C@@H](O)[C@H](O)[C@@H](COP(O)(O)=O)1		D-Fructose 6-phosphate; GC-EI-TOF; MS; 6 TMS; 1 MEOX; BP	260.029718626				315.0			MSP	MSP	75.1							1496.444	1328.556	1520.111	1448.667	1422.778	1311.111
450	MSP: D-Glucose 6-phosphate; GC-EI-TOF; MS; 6 TMS; 1 MEOX; BP	C6H13O9P	OC(O1)[C@H](O)[C@@H](O)[C@H](O)[C@H]1COP(O)(O)=O		D-Glucose 6-phosphate; GC-EI-TOF; MS; 6 TMS; 1 MEOX; BP	260.029718626				73.0			MSP	MSP	93.9							48141.22	30458.78	52447.45	36666.78	39193.55	44714.22
451										129.0			MSP	MSP								2573.667	2137.222	2641.556	615.3333	614.3333	2535.0
452										89.0			MSP	MSP								2061.778	1392.111	584.1111	1521.556	1660.222	405.5555
453										204.0			MSP	MSP								1339.444	1063.556	1299.556	215.2222	358.7778	1136.444
454										73.0			MSP	MSP								22982.78	13690.67	24696.67	11656.33	13367.44	16143.44
455										191.0			MSP	MSP								2071.444	1714.111	2148.889	1120.333	1264.111	176.5556
456										147.0			MSP	MSP								4323.778	3136.111	4506.333	397.1111	416.6667	469.0
457										204.0			MSP	MSP								1407.667	1325.222	1546.889	400.5555	1026.333	646.1111
458										73.0			MSP	MSP								32996.45	19278.11	35205.22	24693.78	28271.45	32210.55
459										75.0			MSP	MSP								1882.778	2140.556	1405.556	4784.333	5565.889	5344.333
460										117.0			MSP	MSP								2313.333	1800.889	2457.222	2147.889	2180.778	2737.444
461	MSP: Uridine; GC-EI-TOF; MS; 3 TMS; BP	C9H12N2O6	OC[C@@H](O1)[C@@H](O)[C@@H](O)[C@@H]1N(C=2)C(=O)NC(=O)C2		Uridine; GC-EI-TOF; MS; 3 TMS; BP	244.069536104				204.0			MSP	MSP	81.9							7560.444	6682.667	8078.444	7296.333	7184.222	8298.111
462	MSP: Uridine; GC-EI-TOF; MS; 3 TMS; BP	C9H12N2O6	OC[C@@H](O1)[C@@H](O)[C@@H](O)[C@@H]1N(C=2)C(=O)NC(=O)C2		Uridine; GC-EI-TOF; MS; 3 TMS; BP	244.069536104				73.0			MSP	MSP	73.8							2264.556	7961.0	22862.33	19764.78	19509.0	24127.45
463										73.0			MSP	MSP								12655.11	7648.0	12943.22	8666.333	11842.78	14457.0
464										73.0			MSP	MSP								11589.33	8202.333	12382.22	9227.333	9246.444	12061.33
465										149.0			MSP	MSP								1841.0	2070.444	1826.333	1776.556	1624.444	1763.556
466										73.0			MSP	MSP								10048.22	803.6667	10509.11	12239.22	17378.11	14685.33
467										186.0			MSP	MSP								2322.667	2105.778	2231.0	2805.111	3929.667	2855.778
468	MSP: Sucrose; GC-EI-TOF; MS; 8 TMS; BP	C12H22O11	OC[C@@H](O1)[C@@H](O)[C@H](O)[C@@H](O)[C@H]1O[C@](CO)(O2)[C@@H](O)[C@H](O)[C@@H](CO)2		Sucrose; GC-EI-TOF; MS; 8 TMS; BP	342.116211524				103.0			MSP	MSP	81.7							4302.778	3205.556	4510.222	3372.0	3492.333	3685.889
469	MSP: Sucrose; GC-EI-TOF; MS; 8 TMS; BP	C12H22O11	OC[C@@H](O1)[C@@H](O)[C@H](O)[C@@H](O)[C@H]1O[C@](CO)(O2)[C@@H](O)[C@H](O)[C@@H](CO)2		Sucrose; GC-EI-TOF; MS; 8 TMS; BP	342.116211524				73.0			MSP	MSP	85.6							17752.89	1008314.0	1332163.0	634797.1	754897.1	903804.4
470	MSP: Sucrose; GC-EI-TOF; MS; 8 TMS; BP	C12H22O11	OC[C@@H](O1)[C@@H](O)[C@H](O)[C@@H](O)[C@H]1O[C@](CO)(O2)[C@@H](O)[C@H](O)[C@@H](CO)2		Sucrose; GC-EI-TOF; MS; 8 TMS; BP	342.116211524				73.0			MSP	MSP	93.0							1289021.0	1008527.0	1332163.0	634797.1	755725.1	903835.9
471	MSP: Sucrose; GC-EI-TOF; MS; 8 TMS; BP	C12H22O11	OC[C@@H](O1)[C@@H](O)[C@H](O)[C@@H](O)[C@H]1O[C@](CO)(O2)[C@@H](O)[C@H](O)[C@@H](CO)2		Sucrose; GC-EI-TOF; MS; 8 TMS; BP	342.116211524				217.0			MSP	MSP	97.0							115690.7	97152.89	115264.2	34872.45	47916.11	48693.45
472	MSP: Maltose; GC-EI-TOF; MS; 8 TMS; BP	C12H22O11	OCC(O1)C(O)C(O)C(O)C1OC(C(CO)2)C(O)C(O)C(O)O2		Maltose; GC-EI-TOF; MS; 8 TMS; BP	342.116211524				73.0			MSP	MSP	81.8							23161.78	23390.33	24127.55	11864.78	14023.22	12474.67
473										74.0			MSP	MSP								2127.333	2227.111	2370.556	552.0	574.3333	603.6667
474										103.0			MSP	MSP								3594.667	2838.889	4315.889	1673.889	477.7778	1999.0
475										73.0			MSP	MSP								15749.56	11372.0	18387.89	6935.222	7695.556	630.1111
476										73.0			MSP	MSP								10480.67	15571.44	2866.556	2066.667	1300.0	1681.0
477										75.0			MSP	MSP								1886.222	845.5555	1339.0	1492.444	1983.333	1908.0
478										204.0			MSP	MSP								7799.0	7921.667	8130.333	6299.556	6627.0	6729.778
479	MSP: Isopentenyladenosine; GC-EI-TOF; MS; 3 TMS; BP	C15H21N5O4	CC(C)=CCNc(n3)c(n2)c(nc3)n(c2)C(O1)C(O)C(O)C(CO)1		Isopentenyladenosine; GC-EI-TOF; MS; 3 TMS; BP	335.159354152				140.0			MSP	MSP	72.1							5294.222	4382.667	6124.667	2369.667	2792.444	2506.444
480										73.0			MSP	MSP								14728.11	11919.0	15680.11	10210.78	13939.67	11277.44
481										119.0			MSP	MSP								4547.444	170.0	4971.333	3990.444	3861.333	3758.333
482										129.0			MSP	MSP								12845.22	14425.33	13382.67	11218.33	11275.78	11009.22
483										93.0			MSP	MSP								5136.556	5229.111	5607.444	4443.556	4329.222	4218.667
484										160.0			MSP	MSP								1384.556	1680.333	1370.444	265.7778	1134.444	326.0
485										129.0			MSP	MSP								4789.0	110.4444	4877.667	3402.444	3640.444	3919.222
